source_image,original_annotation,proposed_change,reason,confidence_evidence
waterlogging_waterloggingt-1-_jpg.rf.26c13052b1e055c9abbfac2713725620.jpg,cls=2 xc=0.2041 yc=0.2344 w=0.1582 h=0.4688,RETAIN_VALID,"Well-proportioned waterlogging box (area=0.0742, AR=0.34) covering distinct road water pool.",HIGH (True positive pattern in M1.9)
waterlogging_waterloggingt-1-_jpg.rf.26c13052b1e055c9abbfac2713725620.jpg,cls=2 xc=0.0684 yc=0.0326 w=0.1172 h=0.0651,MERGE_OR_EXPAND,Sub-1% puddle box (0.00763); should be merged into adjacent contiguous flood boundary or reviewed for visual prominence.,HIGH (M1.9 cluster merging failure mode)
waterlogging_waterloggingt-1-_jpg.rf.26c13052b1e055c9abbfac2713725620.jpg,cls=2 xc=0.3174 yc=0.1562 w=0.0215 h=0.1979,REMOVE_TINY_BOX,Micro-puddle with area 0.00425 (<0.5% image); downsampling to 640x640 causes spatial collapse and feature loss.,HIGH (Direct M1.9 evidence: 10 micro-puddle False Negatives)
waterlogging_waterloggingt-1-_jpg.rf.39fc73f77b7be228f41a2f673b504c12.jpg,cls=2 xc=0.4033 yc=0.2448 w=0.1582 h=0.4896,RETAIN_VALID,"Well-proportioned waterlogging box (area=0.0775, AR=0.32) covering distinct road water pool.",HIGH (True positive pattern in M1.9)
waterlogging_waterloggingt-1-_jpg.rf.39fc73f77b7be228f41a2f673b504c12.jpg,cls=2 xc=0.2783 yc=0.0286 w=0.0684 h=0.0573,REMOVE_TINY_BOX,Micro-puddle with area 0.00392 (<0.5% image); downsampling to 640x640 causes spatial collapse and feature loss.,HIGH (Direct M1.9 evidence: 10 micro-puddle False Negatives)
waterlogging_waterloggingt-1-_jpg.rf.39fc73f77b7be228f41a2f673b504c12.jpg,cls=2 xc=0.2705 yc=0.4583 w=0.0605 h=0.0625,REMOVE_TINY_BOX,Micro-puddle with area 0.00378 (<0.5% image); downsampling to 640x640 causes spatial collapse and feature loss.,HIGH (Direct M1.9 evidence: 10 micro-puddle False Negatives)
waterlogging_waterloggingt-1-_jpg.rf.39fc73f77b7be228f41a2f673b504c12.jpg,cls=2 xc=0.9590 yc=0.7448 w=0.0820 h=0.5104,EXCLUDE_ROTATED_BOX,"Extremely tall narrow box (AR=0.16, w=0.082, h=0.510); represents vertical road edge or rotated puddle.",HIGH (Roboflow 90° rotation artifact)
waterlogging_waterloggingt-1-_jpg.rf.64d7d9bc14c0fc945d50d6d5391fe0ea.jpg,cls=2 xc=0.3252 yc=0.0312 w=0.0684 h=0.0625,REMOVE_TINY_BOX,Micro-puddle with area 0.00427 (<0.5% image); downsampling to 640x640 causes spatial collapse and feature loss.,HIGH (Direct M1.9 evidence: 10 micro-puddle False Negatives)
waterlogging_waterloggingt-1-_jpg.rf.64d7d9bc14c0fc945d50d6d5391fe0ea.jpg,cls=2 xc=0.3174 yc=0.4909 w=0.0605 h=0.1172,MERGE_OR_EXPAND,Sub-1% puddle box (0.00710); should be merged into adjacent contiguous flood boundary or reviewed for visual prominence.,HIGH (M1.9 cluster merging failure mode)
waterlogging_waterloggingt-1-_jpg.rf.64d7d9bc14c0fc945d50d6d5391fe0ea.jpg,cls=2 xc=0.7510 yc=0.2747 w=0.1621 h=0.5495,RETAIN_VALID,"Well-proportioned waterlogging box (area=0.0891, AR=0.30) covering distinct road water pool.",HIGH (True positive pattern in M1.9)
waterlogging_waterloggingt-1-_jpg.rf.64d7d9bc14c0fc945d50d6d5391fe0ea.jpg,cls=2 xc=0.6191 yc=0.2135 w=0.0664 h=0.4271,EXCLUDE_ROTATED_BOX,"Extremely tall narrow box (AR=0.16, w=0.066, h=0.427); represents vertical road edge or rotated puddle.",HIGH (Roboflow 90° rotation artifact)
waterlogging_waterloggingt-100-_jpg.rf.75c9c617143eabcfcddbc2a9217ecd77.jpg,cls=2 xc=0.1025 yc=0.2240 w=0.0508 h=0.4401,EXCLUDE_ROTATED_BOX,"Extremely tall narrow box (AR=0.12, w=0.051, h=0.440); represents vertical road edge or rotated puddle.",HIGH (Roboflow 90° rotation artifact)
waterlogging_waterloggingt-100-_jpg.rf.75c9c617143eabcfcddbc2a9217ecd77.jpg,cls=2 xc=0.6982 yc=0.0951 w=0.0605 h=0.1901,MERGE_CONTIGUOUS_PUDDLES,Image contains 5 fragmented boxes covering single connected flood zone; merge adjacent sub-boxes into unified flood polygon.,HIGH (M1.9 evidence: 7 cluster merging failure cases)
waterlogging_waterloggingt-100-_jpg.rf.75c9c617143eabcfcddbc2a9217ecd77.jpg,cls=2 xc=0.2900 yc=0.8047 w=0.1152 h=0.3906,MERGE_CONTIGUOUS_PUDDLES,Image contains 5 fragmented boxes covering single connected flood zone; merge adjacent sub-boxes into unified flood polygon.,HIGH (M1.9 evidence: 7 cluster merging failure cases)
waterlogging_waterloggingt-100-_jpg.rf.75c9c617143eabcfcddbc2a9217ecd77.jpg,cls=2 xc=0.4678 yc=0.9232 w=0.1152 h=0.1536,MERGE_CONTIGUOUS_PUDDLES,Image contains 5 fragmented boxes covering single connected flood zone; merge adjacent sub-boxes into unified flood polygon.,HIGH (M1.9 evidence: 7 cluster merging failure cases)
waterlogging_waterloggingt-100-_jpg.rf.75c9c617143eabcfcddbc2a9217ecd77.jpg,cls=2 xc=0.6729 yc=0.8047 w=0.2441 h=0.3906,MERGE_CONTIGUOUS_PUDDLES,Image contains 5 fragmented boxes covering single connected flood zone; merge adjacent sub-boxes into unified flood polygon.,HIGH (M1.9 evidence: 7 cluster merging failure cases)
waterlogging_waterloggingt-100-_jpg.rf.8d02cd2363f09b6518f2883086323a66.jpg,cls=2 xc=0.1338 yc=0.8138 w=0.2676 h=0.1953,RETAIN_VALID,"Well-proportioned waterlogging box (area=0.0523, AR=1.37) covering distinct road water pool.",HIGH (True positive pattern in M1.9)
waterlogging_waterloggingt-100-_jpg.rf.8d02cd2363f09b6518f2883086323a66.jpg,cls=2 xc=0.4941 yc=0.8424 w=0.3242 h=0.2214,RETAIN_VALID,"Well-proportioned waterlogging box (area=0.0718, AR=1.46) covering distinct road water pool.",HIGH (True positive pattern in M1.9)
waterlogging_waterloggingt-100-_jpg.rf.8d02cd2363f09b6518f2883086323a66.jpg,cls=2 xc=0.7900 yc=0.8724 w=0.2637 h=0.2552,RETAIN_VALID,"Well-proportioned waterlogging box (area=0.0673, AR=1.03) covering distinct road water pool.",HIGH (True positive pattern in M1.9)
waterlogging_waterloggingt-100-_jpg.rf.faa3900c35a78d29abfcf58dbaca2aa9.jpg,cls=2 xc=0.1299 yc=0.0729 w=0.2598 h=0.1458,RETAIN_VALID,"Well-proportioned waterlogging box (area=0.0379, AR=1.78) covering distinct road water pool.",HIGH (True positive pattern in M1.9)
waterlogging_waterloggingt-100-_jpg.rf.faa3900c35a78d29abfcf58dbaca2aa9.jpg,cls=2 xc=0.4482 yc=0.1615 w=0.3770 h=0.0885,ADJUST_BOUNDARY,Extremely wide thin strip (AR=4.26); covers narrow gutter/curb line rather than bounded water hazard.,MEDIUM (Edge artifact)
waterlogging_waterloggingt-100-_jpg.rf.faa3900c35a78d29abfcf58dbaca2aa9.jpg,cls=2 xc=0.1172 yc=0.8333 w=0.2344 h=0.3333,RETAIN_VALID,"Well-proportioned waterlogging box (area=0.0781, AR=0.70) covering distinct road water pool.",HIGH (True positive pattern in M1.9)
waterlogging_waterloggingt-100-_jpg.rf.faa3900c35a78d29abfcf58dbaca2aa9.jpg,cls=2 xc=0.6299 yc=0.5938 w=0.7402 h=0.1302,ADJUST_BOUNDARY,Extremely wide thin strip (AR=5.68); covers narrow gutter/curb line rather than bounded water hazard.,MEDIUM (Edge artifact)
waterlogging_waterloggingt-101-_jpg.rf.8e414c06e616a1356b33962850a7a4f6.jpg,cls=2 xc=0.4941 yc=0.8021 w=0.9883 h=0.3880,RETAIN_VALID,"Well-proportioned waterlogging box (area=0.3835, AR=2.55) covering distinct road water pool.",HIGH (True positive pattern in M1.9)
waterlogging_waterloggingt-101-_jpg.rf.8e414c06e616a1356b33962850a7a4f6.jpg,cls=2 xc=0.7578 yc=0.4883 w=0.4492 h=0.1797,RETAIN_VALID,"Well-proportioned waterlogging box (area=0.0807, AR=2.50) covering distinct road water pool.",HIGH (True positive pattern in M1.9)
waterlogging_waterloggingt-101-_jpg.rf.8e414c06e616a1356b33962850a7a4f6.jpg,cls=2 xc=0.2012 yc=0.5013 w=0.3652 h=0.1510,RETAIN_VALID,"Well-proportioned waterlogging box (area=0.0552, AR=2.42) covering distinct road water pool.",HIGH (True positive pattern in M1.9)
waterlogging_waterloggingt-105-_jpg.rf.26dcaba54000514e49e046d866fa8e63.jpg,cls=2 xc=0.1152 yc=0.2148 w=0.1445 h=0.2552,MERGE_CONTIGUOUS_PUDDLES,Image contains 6 fragmented boxes covering single connected flood zone; merge adjacent sub-boxes into unified flood polygon.,HIGH (M1.9 evidence: 7 cluster merging failure cases)
waterlogging_waterloggingt-105-_jpg.rf.26dcaba54000514e49e046d866fa8e63.jpg,cls=2 xc=0.7314 yc=0.2292 w=0.0723 h=0.3333,EXCLUDE_ROTATED_BOX,"Extremely tall narrow box (AR=0.22, w=0.072, h=0.333); represents vertical road edge or rotated puddle.",HIGH (Roboflow 90° rotation artifact)
waterlogging_waterloggingt-105-_jpg.rf.26dcaba54000514e49e046d866fa8e63.jpg,cls=2 xc=0.3115 yc=0.7500 w=0.0801 h=0.5000,EXCLUDE_ROTATED_BOX,"Extremely tall narrow box (AR=0.16, w=0.080, h=0.500); represents vertical road edge or rotated puddle.",HIGH (Roboflow 90° rotation artifact)
waterlogging_waterloggingt-105-_jpg.rf.26dcaba54000514e49e046d866fa8e63.jpg,cls=2 xc=0.4922 yc=0.8984 w=0.1328 h=0.2031,MERGE_CONTIGUOUS_PUDDLES,Image contains 6 fragmented boxes covering single connected flood zone; merge adjacent sub-boxes into unified flood polygon.,HIGH (M1.9 evidence: 7 cluster merging failure cases)
waterlogging_waterloggingt-105-_jpg.rf.26dcaba54000514e49e046d866fa8e63.jpg,cls=2 xc=0.7393 yc=0.8724 w=0.3613 h=0.2552,MERGE_CONTIGUOUS_PUDDLES,Image contains 6 fragmented boxes covering single connected flood zone; merge adjacent sub-boxes into unified flood polygon.,HIGH (M1.9 evidence: 7 cluster merging failure cases)
waterlogging_waterloggingt-105-_jpg.rf.26dcaba54000514e49e046d866fa8e63.jpg,cls=2 xc=0.7832 yc=0.6042 w=0.2461 h=0.2083,MERGE_CONTIGUOUS_PUDDLES,Image contains 6 fragmented boxes covering single connected flood zone; merge adjacent sub-boxes into unified flood polygon.,HIGH (M1.9 evidence: 7 cluster merging failure cases)
waterlogging_waterloggingt-105-_jpg.rf.bd686139c974f5367749f1387efcf515.jpg,cls=2 xc=0.0781 yc=0.0990 w=0.1562 h=0.1927,RETAIN_VALID,"Well-proportioned waterlogging box (area=0.0301, AR=0.81) covering distinct road water pool.",HIGH (True positive pattern in M1.9)
waterlogging_waterloggingt-105-_jpg.rf.bd686139c974f5367749f1387efcf515.jpg,cls=2 xc=0.4277 yc=0.4479 w=0.1445 h=0.4688,RETAIN_VALID,"Well-proportioned waterlogging box (area=0.0677, AR=0.31) covering distinct road water pool.",HIGH (True positive pattern in M1.9)
waterlogging_waterloggingt-105-_jpg.rf.c8c800d329a2fa4ad5b4bfc37baac5bf.jpg,NONE (0 boxes),RETAIN_NEGATIVE,Correct background negative; surface wetness sheen with zero stagnant water pooling.,HIGH (Confirmed in M1.4 and M1.9 background review)
waterlogging_waterloggingt-106-_jpg.rf.5c2ae13fb8a0d1851a4ca6ed59d68f7e.jpg,cls=2 xc=0.8379 yc=0.2643 w=0.1797 h=0.5286,MERGE_CONTIGUOUS_PUDDLES,Image contains 5 fragmented boxes covering single connected flood zone; merge adjacent sub-boxes into unified flood polygon.,HIGH (M1.9 evidence: 7 cluster merging failure cases)
waterlogging_waterloggingt-106-_jpg.rf.5c2ae13fb8a0d1851a4ca6ed59d68f7e.jpg,cls=2 xc=0.2100 yc=0.7643 w=0.2246 h=0.4714,MERGE_CONTIGUOUS_PUDDLES,Image contains 5 fragmented boxes covering single connected flood zone; merge adjacent sub-boxes into unified flood polygon.,HIGH (M1.9 evidence: 7 cluster merging failure cases)
waterlogging_waterloggingt-106-_jpg.rf.5c2ae13fb8a0d1851a4ca6ed59d68f7e.jpg,cls=2 xc=0.0439 yc=0.7630 w=0.0879 h=0.2344,MERGE_CONTIGUOUS_PUDDLES,Image contains 5 fragmented boxes covering single connected flood zone; merge adjacent sub-boxes into unified flood polygon.,HIGH (M1.9 evidence: 7 cluster merging failure cases)
waterlogging_waterloggingt-106-_jpg.rf.5c2ae13fb8a0d1851a4ca6ed59d68f7e.jpg,cls=2 xc=0.5518 yc=0.7643 w=0.1855 h=0.4714,MERGE_CONTIGUOUS_PUDDLES,Image contains 5 fragmented boxes covering single connected flood zone; merge adjacent sub-boxes into unified flood polygon.,HIGH (M1.9 evidence: 7 cluster merging failure cases)
waterlogging_waterloggingt-106-_jpg.rf.5c2ae13fb8a0d1851a4ca6ed59d68f7e.jpg,cls=2 xc=0.6924 yc=0.8398 w=0.0488 h=0.3203,EXCLUDE_ROTATED_BOX,"Extremely tall narrow box (AR=0.15, w=0.049, h=0.320); represents vertical road edge or rotated puddle.",HIGH (Roboflow 90° rotation artifact)
waterlogging_waterloggingt-106-_jpg.rf.b0a85a209dedc0d58abcca50393681bf.jpg,cls=2 xc=0.0469 yc=0.3477 w=0.0938 h=0.3203,MERGE_CONTIGUOUS_PUDDLES,Image contains 7 fragmented boxes covering single connected flood zone; merge adjacent sub-boxes into unified flood polygon.,HIGH (M1.9 evidence: 7 cluster merging failure cases)
waterlogging_waterloggingt-106-_jpg.rf.b0a85a209dedc0d58abcca50393681bf.jpg,cls=2 xc=0.1416 yc=0.0495 w=0.0332 h=0.0990,REMOVE_TINY_BOX,Micro-puddle with area 0.00329 (<0.5% image); downsampling to 640x640 causes spatial collapse and feature loss.,HIGH (Direct M1.9 evidence: 10 micro-puddle False Negatives)
waterlogging_waterloggingt-106-_jpg.rf.b0a85a209dedc0d58abcca50393681bf.jpg,cls=2 xc=0.5869 yc=0.2201 w=0.0879 h=0.4401,EXCLUDE_ROTATED_BOX,"Extremely tall narrow box (AR=0.20, w=0.088, h=0.440); represents vertical road edge or rotated puddle.",HIGH (Roboflow 90° rotation artifact)
waterlogging_waterloggingt-106-_jpg.rf.b0a85a209dedc0d58abcca50393681bf.jpg,cls=2 xc=0.4658 yc=0.3724 w=0.0918 h=0.2708,MERGE_CONTIGUOUS_PUDDLES,Image contains 7 fragmented boxes covering single connected flood zone; merge adjacent sub-boxes into unified flood polygon.,HIGH (M1.9 evidence: 7 cluster merging failure cases)
waterlogging_waterloggingt-106-_jpg.rf.b0a85a209dedc0d58abcca50393681bf.jpg,cls=2 xc=0.2305 yc=0.7539 w=0.3672 h=0.4922,MERGE_CONTIGUOUS_PUDDLES,Image contains 7 fragmented boxes covering single connected flood zone; merge adjacent sub-boxes into unified flood polygon.,HIGH (M1.9 evidence: 7 cluster merging failure cases)
waterlogging_waterloggingt-106-_jpg.rf.b0a85a209dedc0d58abcca50393681bf.jpg,cls=2 xc=0.4824 yc=0.6641 w=0.1250 h=0.3125,MERGE_CONTIGUOUS_PUDDLES,Image contains 7 fragmented boxes covering single connected flood zone; merge adjacent sub-boxes into unified flood polygon.,HIGH (M1.9 evidence: 7 cluster merging failure cases)
waterlogging_waterloggingt-106-_jpg.rf.b0a85a209dedc0d58abcca50393681bf.jpg,cls=2 xc=0.4629 yc=0.9505 w=0.0859 h=0.0990,MERGE_OR_EXPAND,Sub-1% puddle box (0.00850); should be merged into adjacent contiguous flood boundary or reviewed for visual prominence.,HIGH (M1.9 cluster merging failure mode)
waterlogging_waterloggingt-106-_jpg.rf.bf822268668aa55e6cb14bcc6b8ce4d0.jpg,cls=2 xc=0.2520 yc=0.2435 w=0.2266 h=0.3698,MERGE_CONTIGUOUS_PUDDLES,Image contains 6 fragmented boxes covering single connected flood zone; merge adjacent sub-boxes into unified flood polygon.,HIGH (M1.9 evidence: 7 cluster merging failure cases)
waterlogging_waterloggingt-106-_jpg.rf.bf822268668aa55e6cb14bcc6b8ce4d0.jpg,cls=2 xc=0.4004 yc=0.1979 w=0.0332 h=0.3542,ADJUST_BOUNDARY,"Extremely tall narrow box (AR=0.09, w=0.033, h=0.354); represents vertical road edge or rotated puddle.",HIGH (Roboflow 90° rotation artifact)
waterlogging_waterloggingt-106-_jpg.rf.bf822268668aa55e6cb14bcc6b8ce4d0.jpg,cls=2 xc=0.1299 yc=0.0156 w=0.1191 h=0.0312,REMOVE_TINY_BOX,Micro-puddle with area 0.00372 (<0.5% image); downsampling to 640x640 causes spatial collapse and feature loss.,HIGH (Direct M1.9 evidence: 10 micro-puddle False Negatives)
waterlogging_waterloggingt-106-_jpg.rf.bf822268668aa55e6cb14bcc6b8ce4d0.jpg,cls=2 xc=0.7402 yc=0.2292 w=0.1445 h=0.4583,MERGE_CONTIGUOUS_PUDDLES,Image contains 6 fragmented boxes covering single connected flood zone; merge adjacent sub-boxes into unified flood polygon.,HIGH (M1.9 evidence: 7 cluster merging failure cases)
waterlogging_waterloggingt-106-_jpg.rf.bf822268668aa55e6cb14bcc6b8ce4d0.jpg,cls=2 xc=0.0615 yc=0.5195 w=0.1074 h=0.1224,MERGE_CONTIGUOUS_PUDDLES,Image contains 6 fragmented boxes covering single connected flood zone; merge adjacent sub-boxes into unified flood polygon.,HIGH (M1.9 evidence: 7 cluster merging failure cases)
waterlogging_waterloggingt-106-_jpg.rf.bf822268668aa55e6cb14bcc6b8ce4d0.jpg,cls=2 xc=0.6406 yc=0.6836 w=0.0820 h=0.4505,ADJUST_BOUNDARY,"Extremely tall narrow box (AR=0.18, w=0.082, h=0.451); represents vertical road edge or rotated puddle.",HIGH (Roboflow 90° rotation artifact)
waterlogging_waterloggingt-107-_jpg.rf.320da505c2dfcf839d1866818817eb57.jpg,cls=2 xc=0.1523 yc=0.2643 w=0.0938 h=0.5286,EXCLUDE_ROTATED_BOX,"Extremely tall narrow box (AR=0.18, w=0.094, h=0.529); represents vertical road edge or rotated puddle.",HIGH (Roboflow 90° rotation artifact)
waterlogging_waterloggingt-107-_jpg.rf.320da505c2dfcf839d1866818817eb57.jpg,cls=2 xc=0.3740 yc=0.2643 w=0.2949 h=0.5286,RETAIN_VALID,"Well-proportioned waterlogging box (area=0.1559, AR=0.56) covering distinct road water pool.",HIGH (True positive pattern in M1.9)
waterlogging_waterloggingt-107-_jpg.rf.37a60c585529ac8b042830ea34865fb6.jpg,cls=2 xc=0.3525 yc=0.2044 w=0.4590 h=0.4089,RETAIN_VALID,"Well-proportioned waterlogging box (area=0.1877, AR=1.12) covering distinct road water pool.",HIGH (True positive pattern in M1.9)
waterlogging_waterloggingt-107-_jpg.rf.37a60c585529ac8b042830ea34865fb6.jpg,cls=2 xc=0.6064 yc=0.3698 w=0.0410 h=0.0781,REMOVE_TINY_BOX,Micro-puddle with area 0.00320 (<0.5% image); downsampling to 640x640 causes spatial collapse and feature loss.,HIGH (Direct M1.9 evidence: 10 micro-puddle False Negatives)
waterlogging_waterloggingt-107-_jpg.rf.412e192377e89b948f46d74366efc282.jpg,cls=2 xc=0.1367 yc=0.3138 w=0.2734 h=0.6276,RETAIN_VALID,"Well-proportioned waterlogging box (area=0.1716, AR=0.44) covering distinct road water pool.",HIGH (True positive pattern in M1.9)
waterlogging_waterloggingt-107-_jpg.rf.412e192377e89b948f46d74366efc282.jpg,cls=2 xc=0.2988 yc=0.1315 w=0.0410 h=0.2214,MERGE_OR_EXPAND,Sub-1% puddle box (0.00908); should be merged into adjacent contiguous flood boundary or reviewed for visual prominence.,HIGH (M1.9 cluster merging failure mode)
waterlogging_waterloggingt-107-_jpg.rf.412e192377e89b948f46d74366efc282.jpg,cls=2 xc=0.1504 yc=0.8138 w=0.0664 h=0.3724,EXCLUDE_ROTATED_BOX,"Extremely tall narrow box (AR=0.18, w=0.066, h=0.372); represents vertical road edge or rotated puddle.",HIGH (Roboflow 90° rotation artifact)
waterlogging_waterloggingt-107-_jpg.rf.412e192377e89b948f46d74366efc282.jpg,cls=2 xc=0.6592 yc=0.8138 w=0.2207 h=0.3724,RETAIN_VALID,"Well-proportioned waterlogging box (area=0.0822, AR=0.59) covering distinct road water pool.",HIGH (True positive pattern in M1.9)
waterlogging_waterloggingt-108-_jpg.rf.20f6dc1548e3f13ae30796ae0538b4c2.jpg,cls=2 xc=0.2988 yc=0.4206 w=0.4805 h=0.1953,MERGE_CONTIGUOUS_PUDDLES,Image contains 5 fragmented boxes covering single connected flood zone; merge adjacent sub-boxes into unified flood polygon.,HIGH (M1.9 evidence: 7 cluster merging failure cases)
waterlogging_waterloggingt-108-_jpg.rf.20f6dc1548e3f13ae30796ae0538b4c2.jpg,cls=2 xc=0.1504 yc=0.1445 w=0.1602 h=0.2891,MERGE_CONTIGUOUS_PUDDLES,Image contains 5 fragmented boxes covering single connected flood zone; merge adjacent sub-boxes into unified flood polygon.,HIGH (M1.9 evidence: 7 cluster merging failure cases)
waterlogging_waterloggingt-108-_jpg.rf.20f6dc1548e3f13ae30796ae0538b4c2.jpg,cls=2 xc=0.0801 yc=0.7591 w=0.1602 h=0.4818,MERGE_CONTIGUOUS_PUDDLES,Image contains 5 fragmented boxes covering single connected flood zone; merge adjacent sub-boxes into unified flood polygon.,HIGH (M1.9 evidence: 7 cluster merging failure cases)
waterlogging_waterloggingt-108-_jpg.rf.20f6dc1548e3f13ae30796ae0538b4c2.jpg,cls=2 xc=0.2285 yc=0.7057 w=0.0840 h=0.2708,MERGE_CONTIGUOUS_PUDDLES,Image contains 5 fragmented boxes covering single connected flood zone; merge adjacent sub-boxes into unified flood polygon.,HIGH (M1.9 evidence: 7 cluster merging failure cases)
waterlogging_waterloggingt-108-_jpg.rf.20f6dc1548e3f13ae30796ae0538b4c2.jpg,cls=2 xc=0.8330 yc=0.7591 w=0.3340 h=0.4818,MERGE_CONTIGUOUS_PUDDLES,Image contains 5 fragmented boxes covering single connected flood zone; merge adjacent sub-boxes into unified flood polygon.,HIGH (M1.9 evidence: 7 cluster merging failure cases)
waterlogging_waterloggingt-108-_jpg.rf.c334dc1b4bfcb7fb553987058e797de9.jpg,cls=2 xc=0.0566 yc=0.4453 w=0.1133 h=0.4479,RETAIN_VALID,"Well-proportioned waterlogging box (area=0.0507, AR=0.25) covering distinct road water pool.",HIGH (True positive pattern in M1.9)
waterlogging_waterloggingt-108-_jpg.rf.c334dc1b4bfcb7fb553987058e797de9.jpg,cls=2 xc=0.6094 yc=0.4609 w=0.3594 h=0.4167,RETAIN_VALID,"Well-proportioned waterlogging box (area=0.1497, AR=0.86) covering distinct road water pool.",HIGH (True positive pattern in M1.9)
waterlogging_waterloggingt-108-_jpg.rf.c334dc1b4bfcb7fb553987058e797de9.jpg,cls=2 xc=0.8867 yc=0.2943 w=0.1191 h=0.0495,MERGE_OR_EXPAND,Sub-1% puddle box (0.00589); should be merged into adjacent contiguous flood boundary or reviewed for visual prominence.,HIGH (M1.9 cluster merging failure mode)
waterlogging_waterloggingt-108-_jpg.rf.c35fae837ff65421354ae69a8cbbeae4.jpg,cls=2 xc=0.0928 yc=0.3411 w=0.1855 h=0.5573,MERGE_CONTIGUOUS_PUDDLES,Image contains 5 fragmented boxes covering single connected flood zone; merge adjacent sub-boxes into unified flood polygon.,HIGH (M1.9 evidence: 7 cluster merging failure cases)
waterlogging_waterloggingt-108-_jpg.rf.c35fae837ff65421354ae69a8cbbeae4.jpg,cls=2 xc=0.3174 yc=0.5573 w=0.2246 h=0.1250,MERGE_CONTIGUOUS_PUDDLES,Image contains 5 fragmented boxes covering single connected flood zone; merge adjacent sub-boxes into unified flood polygon.,HIGH (M1.9 evidence: 7 cluster merging failure cases)
waterlogging_waterloggingt-108-_jpg.rf.c35fae837ff65421354ae69a8cbbeae4.jpg,cls=2 xc=0.7148 yc=0.5430 w=0.5703 h=0.1536,MERGE_CONTIGUOUS_PUDDLES,Image contains 5 fragmented boxes covering single connected flood zone; merge adjacent sub-boxes into unified flood polygon.,HIGH (M1.9 evidence: 7 cluster merging failure cases)
waterlogging_waterloggingt-108-_jpg.rf.c35fae837ff65421354ae69a8cbbeae4.jpg,cls=2 xc=0.4551 yc=0.4193 w=0.0508 h=0.0677,REMOVE_TINY_BOX,Micro-puddle with area 0.00344 (<0.5% image); downsampling to 640x640 causes spatial collapse and feature loss.,HIGH (Direct M1.9 evidence: 10 micro-puddle False Negatives)
waterlogging_waterloggingt-108-_jpg.rf.c35fae837ff65421354ae69a8cbbeae4.jpg,cls=2 xc=0.7148 yc=0.8997 w=0.5703 h=0.2005,MERGE_CONTIGUOUS_PUDDLES,Image contains 5 fragmented boxes covering single connected flood zone; merge adjacent sub-boxes into unified flood polygon.,HIGH (M1.9 evidence: 7 cluster merging failure cases)
waterlogging_waterloggingt-109-_jpg.rf.1cc60e8461b447fb2defd811e040f9ee.jpg,cls=2 xc=0.3057 yc=0.4297 w=0.2871 h=0.1771,MERGE_CONTIGUOUS_PUDDLES,Image contains 7 fragmented boxes covering single connected flood zone; merge adjacent sub-boxes into unified flood polygon.,HIGH (M1.9 evidence: 7 cluster merging failure cases)
waterlogging_waterloggingt-109-_jpg.rf.1cc60e8461b447fb2defd811e040f9ee.jpg,cls=2 xc=0.0771 yc=0.4466 w=0.1543 h=0.1432,MERGE_CONTIGUOUS_PUDDLES,Image contains 7 fragmented boxes covering single connected flood zone; merge adjacent sub-boxes into unified flood polygon.,HIGH (M1.9 evidence: 7 cluster merging failure cases)
waterlogging_waterloggingt-109-_jpg.rf.1cc60e8461b447fb2defd811e040f9ee.jpg,cls=2 xc=0.0713 yc=0.3281 w=0.1426 h=0.0573,MERGE_OR_EXPAND,Sub-1% puddle box (0.00817); should be merged into adjacent contiguous flood boundary or reviewed for visual prominence.,HIGH (M1.9 cluster merging failure mode)
waterlogging_waterloggingt-109-_jpg.rf.1cc60e8461b447fb2defd811e040f9ee.jpg,cls=2 xc=0.7246 yc=0.3320 w=0.5508 h=0.3724,MERGE_CONTIGUOUS_PUDDLES,Image contains 7 fragmented boxes covering single connected flood zone; merge adjacent sub-boxes into unified flood polygon.,HIGH (M1.9 evidence: 7 cluster merging failure cases)
waterlogging_waterloggingt-109-_jpg.rf.1cc60e8461b447fb2defd811e040f9ee.jpg,cls=2 xc=0.8555 yc=0.0573 w=0.2227 h=0.1146,MERGE_CONTIGUOUS_PUDDLES,Image contains 7 fragmented boxes covering single connected flood zone; merge adjacent sub-boxes into unified flood polygon.,HIGH (M1.9 evidence: 7 cluster merging failure cases)
waterlogging_waterloggingt-109-_jpg.rf.1cc60e8461b447fb2defd811e040f9ee.jpg,cls=2 xc=0.2246 yc=0.9128 w=0.4492 h=0.1745,MERGE_CONTIGUOUS_PUDDLES,Image contains 7 fragmented boxes covering single connected flood zone; merge adjacent sub-boxes into unified flood polygon.,HIGH (M1.9 evidence: 7 cluster merging failure cases)
waterlogging_waterloggingt-109-_jpg.rf.1cc60e8461b447fb2defd811e040f9ee.jpg,cls=2 xc=0.1221 yc=0.7344 w=0.2441 h=0.1615,MERGE_CONTIGUOUS_PUDDLES,Image contains 7 fragmented boxes covering single connected flood zone; merge adjacent sub-boxes into unified flood polygon.,HIGH (M1.9 evidence: 7 cluster merging failure cases)
waterlogging_waterloggingt-109-_jpg.rf.876f76bacdb0ddac73056538a45927fe.jpg,cls=2 xc=0.1807 yc=0.1133 w=0.2480 h=0.2266,MERGE_CONTIGUOUS_PUDDLES,Image contains 9 fragmented boxes covering single connected flood zone; merge adjacent sub-boxes into unified flood polygon.,HIGH (M1.9 evidence: 7 cluster merging failure cases)
waterlogging_waterloggingt-109-_jpg.rf.876f76bacdb0ddac73056538a45927fe.jpg,cls=2 xc=0.1396 yc=0.4128 w=0.1152 h=0.3516,MERGE_CONTIGUOUS_PUDDLES,Image contains 9 fragmented boxes covering single connected flood zone; merge adjacent sub-boxes into unified flood polygon.,HIGH (M1.9 evidence: 7 cluster merging failure cases)
waterlogging_waterloggingt-109-_jpg.rf.876f76bacdb0ddac73056538a45927fe.jpg,cls=2 xc=0.0469 yc=0.3659 w=0.0430 h=0.2240,MERGE_OR_EXPAND,Sub-1% puddle box (0.00962); should be merged into adjacent contiguous flood boundary or reviewed for visual prominence.,HIGH (M1.9 cluster merging failure mode)
waterlogging_waterloggingt-109-_jpg.rf.876f76bacdb0ddac73056538a45927fe.jpg,cls=2 xc=0.8555 yc=0.4154 w=0.0742 h=0.3464,EXCLUDE_ROTATED_BOX,"Extremely tall narrow box (AR=0.21, w=0.074, h=0.346); represents vertical road edge or rotated puddle.",HIGH (Roboflow 90° rotation artifact)
waterlogging_waterloggingt-109-_jpg.rf.876f76bacdb0ddac73056538a45927fe.jpg,cls=2 xc=0.7900 yc=0.5521 w=0.0527 h=0.0729,REMOVE_TINY_BOX,Micro-puddle with area 0.00385 (<0.5% image); downsampling to 640x640 causes spatial collapse and feature loss.,HIGH (Direct M1.9 evidence: 10 micro-puddle False Negatives)
waterlogging_waterloggingt-109-_jpg.rf.876f76bacdb0ddac73056538a45927fe.jpg,cls=2 xc=0.8779 yc=0.0820 w=0.0605 h=0.1641,MERGE_OR_EXPAND,Sub-1% puddle box (0.00993); should be merged into adjacent contiguous flood boundary or reviewed for visual prominence.,HIGH (M1.9 cluster merging failure mode)
waterlogging_waterloggingt-109-_jpg.rf.876f76bacdb0ddac73056538a45927fe.jpg,cls=2 xc=0.1689 yc=0.7943 w=0.1934 h=0.4115,MERGE_CONTIGUOUS_PUDDLES,Image contains 9 fragmented boxes covering single connected flood zone; merge adjacent sub-boxes into unified flood polygon.,HIGH (M1.9 evidence: 7 cluster merging failure cases)
waterlogging_waterloggingt-109-_jpg.rf.876f76bacdb0ddac73056538a45927fe.jpg,cls=2 xc=0.8037 yc=0.9141 w=0.1699 h=0.1719,MERGE_CONTIGUOUS_PUDDLES,Image contains 9 fragmented boxes covering single connected flood zone; merge adjacent sub-boxes into unified flood polygon.,HIGH (M1.9 evidence: 7 cluster merging failure cases)
waterlogging_waterloggingt-109-_jpg.rf.876f76bacdb0ddac73056538a45927fe.jpg,cls=2 xc=0.8691 yc=0.6693 w=0.2617 h=0.1615,MERGE_CONTIGUOUS_PUDDLES,Image contains 9 fragmented boxes covering single connected flood zone; merge adjacent sub-boxes into unified flood polygon.,HIGH (M1.9 evidence: 7 cluster merging failure cases)
waterlogging_waterloggingt-109-_jpg.rf.9400d0c341b78c819762ea6046da5a65.jpg,cls=2 xc=0.1143 yc=0.1576 w=0.1152 h=0.3151,RETAIN_VALID,"Well-proportioned waterlogging box (area=0.0363, AR=0.37) covering distinct road water pool.",HIGH (True positive pattern in M1.9)
waterlogging_waterloggingt-109-_jpg.rf.9400d0c341b78c819762ea6046da5a65.jpg,cls=2 xc=0.2070 yc=0.1888 w=0.0430 h=0.2240,MERGE_OR_EXPAND,Sub-1% puddle box (0.00962); should be merged into adjacent contiguous flood boundary or reviewed for visual prominence.,HIGH (M1.9 cluster merging failure mode)
waterlogging_waterloggingt-109-_jpg.rf.9400d0c341b78c819762ea6046da5a65.jpg,cls=2 xc=0.7852 yc=0.2695 w=0.2734 h=0.3568,RETAIN_VALID,"Well-proportioned waterlogging box (area=0.0976, AR=0.77) covering distinct road water pool.",HIGH (True positive pattern in M1.9)
waterlogging_waterloggingt-109-_jpg.rf.9400d0c341b78c819762ea6046da5a65.jpg,cls=2 xc=0.6387 yc=0.7409 w=0.0410 h=0.2214,MERGE_OR_EXPAND,Sub-1% puddle box (0.00908); should be merged into adjacent contiguous flood boundary or reviewed for visual prominence.,HIGH (M1.9 cluster merging failure mode)
waterlogging_waterloggingt-11-_jpg.rf.533b8ff91c6c988c19951ff4ffc81bd1.jpg,cls=2 xc=0.5166 yc=0.2891 w=0.1465 h=0.5781,RETAIN_VALID,"Well-proportioned waterlogging box (area=0.0847, AR=0.25) covering distinct road water pool.",HIGH (True positive pattern in M1.9)
waterlogging_waterloggingt-11-_jpg.rf.533b8ff91c6c988c19951ff4ffc81bd1.jpg,cls=2 xc=0.2705 yc=0.2943 w=0.2891 h=0.3385,RETAIN_VALID,"Well-proportioned waterlogging box (area=0.0979, AR=0.85) covering distinct road water pool.",HIGH (True positive pattern in M1.9)
waterlogging_waterloggingt-11-_jpg.rf.533b8ff91c6c988c19951ff4ffc81bd1.jpg,cls=2 xc=0.1904 yc=0.7891 w=0.1621 h=0.4219,RETAIN_VALID,"Well-proportioned waterlogging box (area=0.0684, AR=0.38) covering distinct road water pool.",HIGH (True positive pattern in M1.9)
waterlogging_waterloggingt-11-_jpg.rf.533b8ff91c6c988c19951ff4ffc81bd1.jpg,cls=2 xc=0.3223 yc=0.6784 w=0.0664 h=0.2005,RETAIN_VALID,"Well-proportioned waterlogging box (area=0.0133, AR=0.33) covering distinct road water pool.",HIGH (True positive pattern in M1.9)
waterlogging_waterloggingt-11-_jpg.rf.c46d95b368505ce2e2b4d56d0fb6101f.jpg,cls=2 xc=0.3027 yc=0.1680 w=0.2734 h=0.1953,RETAIN_VALID,"Well-proportioned waterlogging box (area=0.0534, AR=1.40) covering distinct road water pool.",HIGH (True positive pattern in M1.9)
waterlogging_waterloggingt-11-_jpg.rf.c46d95b368505ce2e2b4d56d0fb6101f.jpg,cls=2 xc=0.0654 yc=0.2070 w=0.1309 h=0.1172,RETAIN_VALID,"Well-proportioned waterlogging box (area=0.0153, AR=1.12) covering distinct road water pool.",HIGH (True positive pattern in M1.9)
waterlogging_waterloggingt-11-_jpg.rf.c46d95b368505ce2e2b4d56d0fb6101f.jpg,cls=2 xc=0.3525 yc=0.4661 w=0.1738 h=0.3229,RETAIN_VALID,"Well-proportioned waterlogging box (area=0.0561, AR=0.54) covering distinct road water pool.",HIGH (True positive pattern in M1.9)
waterlogging_waterloggingt-11-_jpg.rf.c46d95b368505ce2e2b4d56d0fb6101f.jpg,cls=2 xc=0.1855 yc=0.8138 w=0.3711 h=0.3724,RETAIN_VALID,"Well-proportioned waterlogging box (area=0.1382, AR=1.00) covering distinct road water pool.",HIGH (True positive pattern in M1.9)
waterlogging_waterloggingt-11-_jpg.rf.d3926ae9649b48019ad0de93247b8776.jpg,cls=2 xc=0.1768 yc=0.0586 w=0.3535 h=0.1172,MERGE_CONTIGUOUS_PUDDLES,Image contains 5 fragmented boxes covering single connected flood zone; merge adjacent sub-boxes into unified flood polygon.,HIGH (M1.9 evidence: 7 cluster merging failure cases)
waterlogging_waterloggingt-11-_jpg.rf.d3926ae9649b48019ad0de93247b8776.jpg,cls=2 xc=0.1270 yc=0.3320 w=0.2539 h=0.3516,MERGE_CONTIGUOUS_PUDDLES,Image contains 5 fragmented boxes covering single connected flood zone; merge adjacent sub-boxes into unified flood polygon.,HIGH (M1.9 evidence: 7 cluster merging failure cases)
waterlogging_waterloggingt-11-_jpg.rf.d3926ae9649b48019ad0de93247b8776.jpg,cls=2 xc=0.8213 yc=0.3581 w=0.3574 h=0.2995,MERGE_CONTIGUOUS_PUDDLES,Image contains 5 fragmented boxes covering single connected flood zone; merge adjacent sub-boxes into unified flood polygon.,HIGH (M1.9 evidence: 7 cluster merging failure cases)
waterlogging_waterloggingt-11-_jpg.rf.d3926ae9649b48019ad0de93247b8776.jpg,cls=2 xc=0.9678 yc=0.1055 w=0.0645 h=0.1745,MERGE_CONTIGUOUS_PUDDLES,Image contains 5 fragmented boxes covering single connected flood zone; merge adjacent sub-boxes into unified flood polygon.,HIGH (M1.9 evidence: 7 cluster merging failure cases)
waterlogging_waterloggingt-11-_jpg.rf.d3926ae9649b48019ad0de93247b8776.jpg,cls=2 xc=0.7891 yc=0.7318 w=0.4219 h=0.2396,MERGE_CONTIGUOUS_PUDDLES,Image contains 5 fragmented boxes covering single connected flood zone; merge adjacent sub-boxes into unified flood polygon.,HIGH (M1.9 evidence: 7 cluster merging failure cases)
waterlogging_waterloggingt-110-_jpg.rf.0f7e64b14fdaa4baf3a88da04e3c40aa.jpg,cls=2 xc=0.2344 yc=0.1810 w=0.1836 h=0.3620,MERGE_CONTIGUOUS_PUDDLES,Image contains 5 fragmented boxes covering single connected flood zone; merge adjacent sub-boxes into unified flood polygon.,HIGH (M1.9 evidence: 7 cluster merging failure cases)
waterlogging_waterloggingt-110-_jpg.rf.0f7e64b14fdaa4baf3a88da04e3c40aa.jpg,cls=2 xc=0.3623 yc=0.1198 w=0.0371 h=0.2396,MERGE_OR_EXPAND,Sub-1% puddle box (0.00889); should be merged into adjacent contiguous flood boundary or reviewed for visual prominence.,HIGH (M1.9 cluster merging failure mode)
waterlogging_waterloggingt-110-_jpg.rf.0f7e64b14fdaa4baf3a88da04e3c40aa.jpg,cls=2 xc=0.1348 yc=0.8802 w=0.0352 h=0.2396,MERGE_OR_EXPAND,Sub-1% puddle box (0.00842); should be merged into adjacent contiguous flood boundary or reviewed for visual prominence.,HIGH (M1.9 cluster merging failure mode)
waterlogging_waterloggingt-110-_jpg.rf.0f7e64b14fdaa4baf3a88da04e3c40aa.jpg,cls=2 xc=0.9209 yc=0.7070 w=0.0840 h=0.4974,EXCLUDE_ROTATED_BOX,"Extremely tall narrow box (AR=0.17, w=0.084, h=0.497); represents vertical road edge or rotated puddle.",HIGH (Roboflow 90° rotation artifact)
waterlogging_waterloggingt-110-_jpg.rf.0f7e64b14fdaa4baf3a88da04e3c40aa.jpg,cls=2 xc=0.7607 yc=0.8190 w=0.1973 h=0.3620,MERGE_CONTIGUOUS_PUDDLES,Image contains 5 fragmented boxes covering single connected flood zone; merge adjacent sub-boxes into unified flood polygon.,HIGH (M1.9 evidence: 7 cluster merging failure cases)
waterlogging_waterloggingt-110-_jpg.rf.9f7656a251202ae6a3768d53bf484ac9.jpg,cls=2 xc=0.4512 yc=0.2044 w=0.1836 h=0.4089,MERGE_CONTIGUOUS_PUDDLES,Image contains 5 fragmented boxes covering single connected flood zone; merge adjacent sub-boxes into unified flood polygon.,HIGH (M1.9 evidence: 7 cluster merging failure cases)
waterlogging_waterloggingt-110-_jpg.rf.9f7656a251202ae6a3768d53bf484ac9.jpg,cls=2 xc=0.3232 yc=0.2500 w=0.0371 h=0.3177,EXCLUDE_ROTATED_BOX,"Extremely tall narrow box (AR=0.12, w=0.037, h=0.318); represents vertical road edge or rotated puddle.",HIGH (Roboflow 90° rotation artifact)
waterlogging_waterloggingt-110-_jpg.rf.9f7656a251202ae6a3768d53bf484ac9.jpg,cls=2 xc=0.4209 yc=0.7513 w=0.0996 h=0.4974,EXCLUDE_ROTATED_BOX,"Extremely tall narrow box (AR=0.20, w=0.100, h=0.497); represents vertical road edge or rotated puddle.",HIGH (Roboflow 90° rotation artifact)
waterlogging_waterloggingt-110-_jpg.rf.9f7656a251202ae6a3768d53bf484ac9.jpg,cls=2 xc=0.7861 yc=0.8333 w=0.0664 h=0.2474,MERGE_CONTIGUOUS_PUDDLES,Image contains 5 fragmented boxes covering single connected flood zone; merge adjacent sub-boxes into unified flood polygon.,HIGH (M1.9 evidence: 7 cluster merging failure cases)
waterlogging_waterloggingt-110-_jpg.rf.9f7656a251202ae6a3768d53bf484ac9.jpg,cls=2 xc=0.7461 yc=0.4987 w=0.0586 h=0.1797,MERGE_CONTIGUOUS_PUDDLES,Image contains 5 fragmented boxes covering single connected flood zone; merge adjacent sub-boxes into unified flood polygon.,HIGH (M1.9 evidence: 7 cluster merging failure cases)
waterlogging_waterloggingt-110-_jpg.rf.e64ab83a5986ee642135179a119dde32.jpg,cls=2 xc=0.2354 yc=0.4297 w=0.4707 h=0.2448,MERGE_CONTIGUOUS_PUDDLES,Image contains 10 fragmented boxes covering single connected flood zone; merge adjacent sub-boxes into unified flood polygon.,HIGH (M1.9 evidence: 7 cluster merging failure cases)
waterlogging_waterloggingt-110-_jpg.rf.e64ab83a5986ee642135179a119dde32.jpg,cls=2 xc=0.5791 yc=0.3294 w=0.1816 h=0.2422,MERGE_CONTIGUOUS_PUDDLES,Image contains 10 fragmented boxes covering single connected flood zone; merge adjacent sub-boxes into unified flood polygon.,HIGH (M1.9 evidence: 7 cluster merging failure cases)
waterlogging_waterloggingt-110-_jpg.rf.e64ab83a5986ee642135179a119dde32.jpg,cls=2 xc=0.2227 yc=0.2591 w=0.3125 h=0.0495,ADJUST_BOUNDARY,Extremely wide thin strip (AR=6.32); covers narrow gutter/curb line rather than bounded water hazard.,MEDIUM (Edge artifact)
waterlogging_waterloggingt-110-_jpg.rf.e64ab83a5986ee642135179a119dde32.jpg,cls=2 xc=0.6934 yc=0.3255 w=0.0469 h=0.5677,ADJUST_BOUNDARY,"Extremely tall narrow box (AR=0.08, w=0.047, h=0.568); represents vertical road edge or rotated puddle.",HIGH (Roboflow 90° rotation artifact)
waterlogging_waterloggingt-110-_jpg.rf.e64ab83a5986ee642135179a119dde32.jpg,cls=2 xc=0.9072 yc=0.4479 w=0.1855 h=0.3229,MERGE_CONTIGUOUS_PUDDLES,Image contains 10 fragmented boxes covering single connected flood zone; merge adjacent sub-boxes into unified flood polygon.,HIGH (M1.9 evidence: 7 cluster merging failure cases)
waterlogging_waterloggingt-110-_jpg.rf.e64ab83a5986ee642135179a119dde32.jpg,cls=2 xc=0.8857 yc=0.0599 w=0.1680 h=0.0807,MERGE_CONTIGUOUS_PUDDLES,Image contains 10 fragmented boxes covering single connected flood zone; merge adjacent sub-boxes into unified flood polygon.,HIGH (M1.9 evidence: 7 cluster merging failure cases)
waterlogging_waterloggingt-110-_jpg.rf.e64ab83a5986ee642135179a119dde32.jpg,cls=2 xc=0.0830 yc=0.8385 w=0.1660 h=0.3229,MERGE_CONTIGUOUS_PUDDLES,Image contains 10 fragmented boxes covering single connected flood zone; merge adjacent sub-boxes into unified flood polygon.,HIGH (M1.9 evidence: 7 cluster merging failure cases)
waterlogging_waterloggingt-110-_jpg.rf.e64ab83a5986ee642135179a119dde32.jpg,cls=2 xc=0.4434 yc=0.6654 w=0.3164 h=0.1068,MERGE_CONTIGUOUS_PUDDLES,Image contains 10 fragmented boxes covering single connected flood zone; merge adjacent sub-boxes into unified flood polygon.,HIGH (M1.9 evidence: 7 cluster merging failure cases)
waterlogging_waterloggingt-110-_jpg.rf.e64ab83a5986ee642135179a119dde32.jpg,cls=2 xc=0.9580 yc=0.9167 w=0.0840 h=0.1667,MERGE_CONTIGUOUS_PUDDLES,Image contains 10 fragmented boxes covering single connected flood zone; merge adjacent sub-boxes into unified flood polygon.,HIGH (M1.9 evidence: 7 cluster merging failure cases)
waterlogging_waterloggingt-110-_jpg.rf.e64ab83a5986ee642135179a119dde32.jpg,cls=2 xc=0.7510 yc=0.8685 w=0.1621 h=0.1276,MERGE_CONTIGUOUS_PUDDLES,Image contains 10 fragmented boxes covering single connected flood zone; merge adjacent sub-boxes into unified flood polygon.,HIGH (M1.9 evidence: 7 cluster merging failure cases)
waterlogging_waterloggingt-111-_jpg.rf.39c6acc8aa97e8c1519b71b16edacafe.jpg,cls=2 xc=0.4980 yc=0.2135 w=0.1211 h=0.4115,MERGE_CONTIGUOUS_PUDDLES,Image contains 6 fragmented boxes covering single connected flood zone; merge adjacent sub-boxes into unified flood polygon.,HIGH (M1.9 evidence: 7 cluster merging failure cases)
waterlogging_waterloggingt-111-_jpg.rf.39c6acc8aa97e8c1519b71b16edacafe.jpg,cls=2 xc=0.3682 yc=0.3125 w=0.0840 h=0.2135,MERGE_CONTIGUOUS_PUDDLES,Image contains 6 fragmented boxes covering single connected flood zone; merge adjacent sub-boxes into unified flood polygon.,HIGH (M1.9 evidence: 7 cluster merging failure cases)
waterlogging_waterloggingt-111-_jpg.rf.39c6acc8aa97e8c1519b71b16edacafe.jpg,cls=2 xc=0.4443 yc=0.8268 w=0.1348 h=0.3464,MERGE_CONTIGUOUS_PUDDLES,Image contains 6 fragmented boxes covering single connected flood zone; merge adjacent sub-boxes into unified flood polygon.,HIGH (M1.9 evidence: 7 cluster merging failure cases)
waterlogging_waterloggingt-111-_jpg.rf.39c6acc8aa97e8c1519b71b16edacafe.jpg,cls=2 xc=0.4141 yc=0.5104 w=0.1367 h=0.1823,MERGE_CONTIGUOUS_PUDDLES,Image contains 6 fragmented boxes covering single connected flood zone; merge adjacent sub-boxes into unified flood polygon.,HIGH (M1.9 evidence: 7 cluster merging failure cases)
waterlogging_waterloggingt-111-_jpg.rf.39c6acc8aa97e8c1519b71b16edacafe.jpg,cls=2 xc=0.6592 yc=0.7096 w=0.1465 h=0.5807,MERGE_CONTIGUOUS_PUDDLES,Image contains 6 fragmented boxes covering single connected flood zone; merge adjacent sub-boxes into unified flood polygon.,HIGH (M1.9 evidence: 7 cluster merging failure cases)
waterlogging_waterloggingt-111-_jpg.rf.39c6acc8aa97e8c1519b71b16edacafe.jpg,cls=2 xc=0.7871 yc=0.7865 w=0.0820 h=0.4271,EXCLUDE_ROTATED_BOX,"Extremely tall narrow box (AR=0.19, w=0.082, h=0.427); represents vertical road edge or rotated puddle.",HIGH (Roboflow 90° rotation artifact)
waterlogging_waterloggingt-111-_jpg.rf.9d3dc9cb176633e34e2503d89c7775e4.jpg,cls=2 xc=0.1934 yc=0.2188 w=0.1523 h=0.4375,RETAIN_VALID,"Well-proportioned waterlogging box (area=0.0667, AR=0.35) covering distinct road water pool.",HIGH (True positive pattern in M1.9)
waterlogging_waterloggingt-111-_jpg.rf.9d3dc9cb176633e34e2503d89c7775e4.jpg,cls=2 xc=0.1348 yc=0.7682 w=0.2500 h=0.4635,RETAIN_VALID,"Well-proportioned waterlogging box (area=0.1159, AR=0.54) covering distinct road water pool.",HIGH (True positive pattern in M1.9)
waterlogging_waterloggingt-111-_jpg.rf.b6ad22e5cb9af635858d4d7a7cdcb431.jpg,cls=2 xc=0.2979 yc=0.1992 w=0.1973 h=0.3984,RETAIN_VALID,"Well-proportioned waterlogging box (area=0.0786, AR=0.50) covering distinct road water pool.",HIGH (True positive pattern in M1.9)
waterlogging_waterloggingt-111-_jpg.rf.b6ad22e5cb9af635858d4d7a7cdcb431.jpg,cls=2 xc=0.1309 yc=0.2422 w=0.0840 h=0.2708,RETAIN_VALID,"Well-proportioned waterlogging box (area=0.0227, AR=0.31) covering distinct road water pool.",HIGH (True positive pattern in M1.9)
waterlogging_waterloggingt-111-_jpg.rf.b6ad22e5cb9af635858d4d7a7cdcb431.jpg,cls=2 xc=0.6240 yc=0.1992 w=0.1309 h=0.3984,RETAIN_VALID,"Well-proportioned waterlogging box (area=0.0521, AR=0.33) covering distinct road water pool.",HIGH (True positive pattern in M1.9)
waterlogging_waterloggingt-111-_jpg.rf.b6ad22e5cb9af635858d4d7a7cdcb431.jpg,cls=2 xc=0.7949 yc=0.1667 w=0.1719 h=0.3333,RETAIN_VALID,"Well-proportioned waterlogging box (area=0.0573, AR=0.52) covering distinct road water pool.",HIGH (True positive pattern in M1.9)
waterlogging_waterloggingt-112-_jpg.rf.1530c2b26c1be10129030bf6f918c592.jpg,cls=2 xc=0.6074 yc=0.2747 w=0.1445 h=0.5495,MERGE_CONTIGUOUS_PUDDLES,Image contains 6 fragmented boxes covering single connected flood zone; merge adjacent sub-boxes into unified flood polygon.,HIGH (M1.9 evidence: 7 cluster merging failure cases)
waterlogging_waterloggingt-112-_jpg.rf.1530c2b26c1be10129030bf6f918c592.jpg,cls=2 xc=0.9014 yc=0.2266 w=0.1973 h=0.3698,MERGE_CONTIGUOUS_PUDDLES,Image contains 6 fragmented boxes covering single connected flood zone; merge adjacent sub-boxes into unified flood polygon.,HIGH (M1.9 evidence: 7 cluster merging failure cases)
waterlogging_waterloggingt-112-_jpg.rf.1530c2b26c1be10129030bf6f918c592.jpg,cls=2 xc=0.9258 yc=0.4987 w=0.1484 h=0.1016,MERGE_CONTIGUOUS_PUDDLES,Image contains 6 fragmented boxes covering single connected flood zone; merge adjacent sub-boxes into unified flood polygon.,HIGH (M1.9 evidence: 7 cluster merging failure cases)
waterlogging_waterloggingt-112-_jpg.rf.1530c2b26c1be10129030bf6f918c592.jpg,cls=2 xc=0.1426 yc=0.7747 w=0.2852 h=0.4505,MERGE_CONTIGUOUS_PUDDLES,Image contains 6 fragmented boxes covering single connected flood zone; merge adjacent sub-boxes into unified flood polygon.,HIGH (M1.9 evidence: 7 cluster merging failure cases)
waterlogging_waterloggingt-112-_jpg.rf.1530c2b26c1be10129030bf6f918c592.jpg,cls=2 xc=0.3213 yc=0.9297 w=0.0566 h=0.1406,MERGE_OR_EXPAND,Sub-1% puddle box (0.00797); should be merged into adjacent contiguous flood boundary or reviewed for visual prominence.,HIGH (M1.9 cluster merging failure mode)
waterlogging_waterloggingt-112-_jpg.rf.1530c2b26c1be10129030bf6f918c592.jpg,cls=2 xc=0.9248 yc=0.7747 w=0.1504 h=0.4505,MERGE_CONTIGUOUS_PUDDLES,Image contains 6 fragmented boxes covering single connected flood zone; merge adjacent sub-boxes into unified flood polygon.,HIGH (M1.9 evidence: 7 cluster merging failure cases)
waterlogging_waterloggingt-112-_jpg.rf.28e7eeb3313fa0d9325ab62fe7c28378.jpg,cls=2 xc=0.5176 yc=0.1016 w=0.1641 h=0.2031,MERGE_CONTIGUOUS_PUDDLES,Image contains 5 fragmented boxes covering single connected flood zone; merge adjacent sub-boxes into unified flood polygon.,HIGH (M1.9 evidence: 7 cluster merging failure cases)
waterlogging_waterloggingt-112-_jpg.rf.28e7eeb3313fa0d9325ab62fe7c28378.jpg,cls=2 xc=0.7207 yc=0.4089 w=0.2188 h=0.1823,MERGE_CONTIGUOUS_PUDDLES,Image contains 5 fragmented boxes covering single connected flood zone; merge adjacent sub-boxes into unified flood polygon.,HIGH (M1.9 evidence: 7 cluster merging failure cases)
waterlogging_waterloggingt-112-_jpg.rf.28e7eeb3313fa0d9325ab62fe7c28378.jpg,cls=2 xc=0.3135 yc=0.8060 w=0.0801 h=0.3880,EXCLUDE_ROTATED_BOX,"Extremely tall narrow box (AR=0.21, w=0.080, h=0.388); represents vertical road edge or rotated puddle.",HIGH (Roboflow 90° rotation artifact)
waterlogging_waterloggingt-112-_jpg.rf.28e7eeb3313fa0d9325ab62fe7c28378.jpg,cls=2 xc=0.6885 yc=0.8854 w=0.0762 h=0.2292,MERGE_CONTIGUOUS_PUDDLES,Image contains 5 fragmented boxes covering single connected flood zone; merge adjacent sub-boxes into unified flood polygon.,HIGH (M1.9 evidence: 7 cluster merging failure cases)
waterlogging_waterloggingt-112-_jpg.rf.28e7eeb3313fa0d9325ab62fe7c28378.jpg,cls=2 xc=0.7070 yc=0.6146 w=0.0371 h=0.1589,MERGE_OR_EXPAND,Sub-1% puddle box (0.00589); should be merged into adjacent contiguous flood boundary or reviewed for visual prominence.,HIGH (M1.9 cluster merging failure mode)
waterlogging_waterloggingt-112-_jpg.rf.43728c3f784660f141a1c0f0d453740e.jpg,cls=2 xc=0.2402 yc=0.1745 w=0.1602 h=0.3490,MERGE_CONTIGUOUS_PUDDLES,Image contains 5 fragmented boxes covering single connected flood zone; merge adjacent sub-boxes into unified flood polygon.,HIGH (M1.9 evidence: 7 cluster merging failure cases)
waterlogging_waterloggingt-112-_jpg.rf.43728c3f784660f141a1c0f0d453740e.jpg,cls=2 xc=0.5469 yc=0.1745 w=0.1758 h=0.3490,MERGE_CONTIGUOUS_PUDDLES,Image contains 5 fragmented boxes covering single connected flood zone; merge adjacent sub-boxes into unified flood polygon.,HIGH (M1.9 evidence: 7 cluster merging failure cases)
waterlogging_waterloggingt-112-_jpg.rf.43728c3f784660f141a1c0f0d453740e.jpg,cls=2 xc=0.8086 yc=0.4180 w=0.3516 h=0.1380,MERGE_CONTIGUOUS_PUDDLES,Image contains 5 fragmented boxes covering single connected flood zone; merge adjacent sub-boxes into unified flood polygon.,HIGH (M1.9 evidence: 7 cluster merging failure cases)
waterlogging_waterloggingt-112-_jpg.rf.43728c3f784660f141a1c0f0d453740e.jpg,cls=2 xc=0.7725 yc=0.7617 w=0.2090 h=0.4766,MERGE_CONTIGUOUS_PUDDLES,Image contains 5 fragmented boxes covering single connected flood zone; merge adjacent sub-boxes into unified flood polygon.,HIGH (M1.9 evidence: 7 cluster merging failure cases)
waterlogging_waterloggingt-112-_jpg.rf.43728c3f784660f141a1c0f0d453740e.jpg,cls=2 xc=0.9258 yc=0.9323 w=0.0703 h=0.1354,MERGE_OR_EXPAND,Sub-1% puddle box (0.00952); should be merged into adjacent contiguous flood boundary or reviewed for visual prominence.,HIGH (M1.9 cluster merging failure mode)
waterlogging_waterloggingt-113-_jpg.rf.061b92e64768f9e0a9848a4682e9420b.jpg,cls=2 xc=0.6064 yc=0.0404 w=0.1465 h=0.0807,MERGE_CONTIGUOUS_PUDDLES,Image contains 7 fragmented boxes covering single connected flood zone; merge adjacent sub-boxes into unified flood polygon.,HIGH (M1.9 evidence: 7 cluster merging failure cases)
waterlogging_waterloggingt-113-_jpg.rf.061b92e64768f9e0a9848a4682e9420b.jpg,cls=2 xc=0.8281 yc=0.3242 w=0.0352 h=0.3880,ADJUST_BOUNDARY,"Extremely tall narrow box (AR=0.09, w=0.035, h=0.388); represents vertical road edge or rotated puddle.",HIGH (Roboflow 90° rotation artifact)
waterlogging_waterloggingt-113-_jpg.rf.061b92e64768f9e0a9848a4682e9420b.jpg,cls=2 xc=0.6484 yc=0.3203 w=0.2578 h=0.3958,MERGE_CONTIGUOUS_PUDDLES,Image contains 7 fragmented boxes covering single connected flood zone; merge adjacent sub-boxes into unified flood polygon.,HIGH (M1.9 evidence: 7 cluster merging failure cases)
waterlogging_waterloggingt-113-_jpg.rf.061b92e64768f9e0a9848a4682e9420b.jpg,cls=2 xc=0.3037 yc=0.9102 w=0.3574 h=0.1797,MERGE_CONTIGUOUS_PUDDLES,Image contains 7 fragmented boxes covering single connected flood zone; merge adjacent sub-boxes into unified flood polygon.,HIGH (M1.9 evidence: 7 cluster merging failure cases)
waterlogging_waterloggingt-113-_jpg.rf.061b92e64768f9e0a9848a4682e9420b.jpg,cls=2 xc=0.1582 yc=0.6315 w=0.1055 h=0.2266,MERGE_CONTIGUOUS_PUDDLES,Image contains 7 fragmented boxes covering single connected flood zone; merge adjacent sub-boxes into unified flood polygon.,HIGH (M1.9 evidence: 7 cluster merging failure cases)
waterlogging_waterloggingt-113-_jpg.rf.061b92e64768f9e0a9848a4682e9420b.jpg,cls=2 xc=0.7393 yc=0.7591 w=0.1465 h=0.4818,MERGE_CONTIGUOUS_PUDDLES,Image contains 7 fragmented boxes covering single connected flood zone; merge adjacent sub-boxes into unified flood polygon.,HIGH (M1.9 evidence: 7 cluster merging failure cases)
waterlogging_waterloggingt-113-_jpg.rf.061b92e64768f9e0a9848a4682e9420b.jpg,cls=2 xc=0.6133 yc=0.7266 w=0.0820 h=0.4167,ADJUST_BOUNDARY,"Extremely tall narrow box (AR=0.20, w=0.082, h=0.417); represents vertical road edge or rotated puddle.",HIGH (Roboflow 90° rotation artifact)
waterlogging_waterloggingt-113-_jpg.rf.084d6f23234cbf6314345867c4f698d7.jpg,cls=2 xc=0.3232 yc=0.2669 w=0.2715 h=0.5339,MERGE_CONTIGUOUS_PUDDLES,Image contains 8 fragmented boxes covering single connected flood zone; merge adjacent sub-boxes into unified flood polygon.,HIGH (M1.9 evidence: 7 cluster merging failure cases)
waterlogging_waterloggingt-113-_jpg.rf.084d6f23234cbf6314345867c4f698d7.jpg,cls=2 xc=0.0674 yc=0.4818 w=0.1348 h=0.2396,MERGE_CONTIGUOUS_PUDDLES,Image contains 8 fragmented boxes covering single connected flood zone; merge adjacent sub-boxes into unified flood polygon.,HIGH (M1.9 evidence: 7 cluster merging failure cases)
waterlogging_waterloggingt-113-_jpg.rf.084d6f23234cbf6314345867c4f698d7.jpg,cls=2 xc=0.6230 yc=0.2070 w=0.1504 h=0.0573,MERGE_OR_EXPAND,Sub-1% puddle box (0.00862); should be merged into adjacent contiguous flood boundary or reviewed for visual prominence.,HIGH (M1.9 cluster merging failure mode)
waterlogging_waterloggingt-113-_jpg.rf.084d6f23234cbf6314345867c4f698d7.jpg,cls=2 xc=0.5732 yc=0.3021 w=0.2285 h=0.1042,MERGE_CONTIGUOUS_PUDDLES,Image contains 8 fragmented boxes covering single connected flood zone; merge adjacent sub-boxes into unified flood polygon.,HIGH (M1.9 evidence: 7 cluster merging failure cases)
waterlogging_waterloggingt-113-_jpg.rf.084d6f23234cbf6314345867c4f698d7.jpg,cls=2 xc=0.8906 yc=0.3906 w=0.2188 h=0.1562,MERGE_CONTIGUOUS_PUDDLES,Image contains 8 fragmented boxes covering single connected flood zone; merge adjacent sub-boxes into unified flood polygon.,HIGH (M1.9 evidence: 7 cluster merging failure cases)
waterlogging_waterloggingt-113-_jpg.rf.084d6f23234cbf6314345867c4f698d7.jpg,cls=2 xc=0.3848 yc=0.9128 w=0.1484 h=0.0547,MERGE_OR_EXPAND,Sub-1% puddle box (0.00812); should be merged into adjacent contiguous flood boundary or reviewed for visual prominence.,HIGH (M1.9 cluster merging failure mode)
waterlogging_waterloggingt-113-_jpg.rf.084d6f23234cbf6314345867c4f698d7.jpg,cls=2 xc=0.7627 yc=0.6797 w=0.4746 h=0.1406,MERGE_CONTIGUOUS_PUDDLES,Image contains 8 fragmented boxes covering single connected flood zone; merge adjacent sub-boxes into unified flood polygon.,HIGH (M1.9 evidence: 7 cluster merging failure cases)
waterlogging_waterloggingt-113-_jpg.rf.084d6f23234cbf6314345867c4f698d7.jpg,cls=2 xc=0.5010 yc=0.8698 w=0.0840 h=0.2031,MERGE_CONTIGUOUS_PUDDLES,Image contains 8 fragmented boxes covering single connected flood zone; merge adjacent sub-boxes into unified flood polygon.,HIGH (M1.9 evidence: 7 cluster merging failure cases)
waterlogging_waterloggingt-113-_jpg.rf.f2c4b9d7dad956dd35c29f8fb0501154.jpg,cls=2 xc=0.7666 yc=0.1302 w=0.4668 h=0.2604,MERGE_CONTIGUOUS_PUDDLES,Image contains 7 fragmented boxes covering single connected flood zone; merge adjacent sub-boxes into unified flood polygon.,HIGH (M1.9 evidence: 7 cluster merging failure cases)
waterlogging_waterloggingt-113-_jpg.rf.f2c4b9d7dad956dd35c29f8fb0501154.jpg,cls=2 xc=0.2197 yc=0.7682 w=0.1191 h=0.1250,MERGE_CONTIGUOUS_PUDDLES,Image contains 7 fragmented boxes covering single connected flood zone; merge adjacent sub-boxes into unified flood polygon.,HIGH (M1.9 evidence: 7 cluster merging failure cases)
waterlogging_waterloggingt-113-_jpg.rf.f2c4b9d7dad956dd35c29f8fb0501154.jpg,cls=2 xc=0.0645 yc=0.7969 w=0.1289 h=0.0781,MERGE_CONTIGUOUS_PUDDLES,Image contains 7 fragmented boxes covering single connected flood zone; merge adjacent sub-boxes into unified flood polygon.,HIGH (M1.9 evidence: 7 cluster merging failure cases)
waterlogging_waterloggingt-113-_jpg.rf.f2c4b9d7dad956dd35c29f8fb0501154.jpg,cls=2 xc=0.6768 yc=0.7435 w=0.3203 h=0.2318,MERGE_CONTIGUOUS_PUDDLES,Image contains 7 fragmented boxes covering single connected flood zone; merge adjacent sub-boxes into unified flood polygon.,HIGH (M1.9 evidence: 7 cluster merging failure cases)
waterlogging_waterloggingt-113-_jpg.rf.f2c4b9d7dad956dd35c29f8fb0501154.jpg,cls=2 xc=0.4609 yc=0.7109 w=0.0625 h=0.2188,MERGE_CONTIGUOUS_PUDDLES,Image contains 7 fragmented boxes covering single connected flood zone; merge adjacent sub-boxes into unified flood polygon.,HIGH (M1.9 evidence: 7 cluster merging failure cases)
waterlogging_waterloggingt-113-_jpg.rf.f2c4b9d7dad956dd35c29f8fb0501154.jpg,cls=2 xc=0.9365 yc=0.7591 w=0.1270 h=0.1068,MERGE_CONTIGUOUS_PUDDLES,Image contains 7 fragmented boxes covering single connected flood zone; merge adjacent sub-boxes into unified flood polygon.,HIGH (M1.9 evidence: 7 cluster merging failure cases)
waterlogging_waterloggingt-113-_jpg.rf.f2c4b9d7dad956dd35c29f8fb0501154.jpg,cls=2 xc=0.5127 yc=0.5312 w=0.1211 h=0.0755,MERGE_OR_EXPAND,Sub-1% puddle box (0.00915); should be merged into adjacent contiguous flood boundary or reviewed for visual prominence.,HIGH (M1.9 cluster merging failure mode)
waterlogging_waterloggingt-114-_jpg.rf.59969ea013a1a3687220d18eb0c84d06.jpg,cls=2 xc=0.2861 yc=0.4154 w=0.2871 h=0.1068,RETAIN_VALID,"Well-proportioned waterlogging box (area=0.0307, AR=2.69) covering distinct road water pool.",HIGH (True positive pattern in M1.9)
waterlogging_waterloggingt-114-_jpg.rf.59969ea013a1a3687220d18eb0c84d06.jpg,cls=2 xc=0.1650 yc=0.5977 w=0.2988 h=0.0599,ADJUST_BOUNDARY,Extremely wide thin strip (AR=4.99); covers narrow gutter/curb line rather than bounded water hazard.,MEDIUM (Edge artifact)
waterlogging_waterloggingt-114-_jpg.rf.59969ea013a1a3687220d18eb0c84d06.jpg,cls=2 xc=0.0645 yc=0.4232 w=0.1289 h=0.1380,RETAIN_VALID,"Well-proportioned waterlogging box (area=0.0178, AR=0.93) covering distinct road water pool.",HIGH (True positive pattern in M1.9)
waterlogging_waterloggingt-114-_jpg.rf.59969ea013a1a3687220d18eb0c84d06.jpg,cls=2 xc=0.5029 yc=0.8919 w=0.1465 h=0.0339,REMOVE_TINY_BOX,Micro-puddle with area 0.00496 (<0.5% image); downsampling to 640x640 causes spatial collapse and feature loss.,HIGH (Direct M1.9 evidence: 10 micro-puddle False Negatives)
waterlogging_waterloggingt-114-_jpg.rf.5eda7421696a9f024c32d928f3a39eab.jpg,cls=2 xc=0.0342 yc=0.3138 w=0.0684 h=0.6276,ADJUST_BOUNDARY,"Extremely tall narrow box (AR=0.11, w=0.068, h=0.628); represents vertical road edge or rotated puddle.",HIGH (Roboflow 90° rotation artifact)
waterlogging_waterloggingt-114-_jpg.rf.5eda7421696a9f024c32d928f3a39eab.jpg,cls=2 xc=0.2314 yc=0.5234 w=0.1777 h=0.2083,RETAIN_VALID,"Well-proportioned waterlogging box (area=0.0370, AR=0.85) covering distinct road water pool.",HIGH (True positive pattern in M1.9)
waterlogging_waterloggingt-114-_jpg.rf.a77c20c66646123b6ed8f2712dc711a2.jpg,cls=2 xc=0.1621 yc=0.3112 w=0.3242 h=0.1068,MERGE_CONTIGUOUS_PUDDLES,Image contains 6 fragmented boxes covering single connected flood zone; merge adjacent sub-boxes into unified flood polygon.,HIGH (M1.9 evidence: 7 cluster merging failure cases)
waterlogging_waterloggingt-114-_jpg.rf.a77c20c66646123b6ed8f2712dc711a2.jpg,cls=2 xc=0.4658 yc=0.3698 w=0.1465 h=0.1042,MERGE_CONTIGUOUS_PUDDLES,Image contains 6 fragmented boxes covering single connected flood zone; merge adjacent sub-boxes into unified flood polygon.,HIGH (M1.9 evidence: 7 cluster merging failure cases)
waterlogging_waterloggingt-114-_jpg.rf.a77c20c66646123b6ed8f2712dc711a2.jpg,cls=2 xc=0.7275 yc=0.2135 w=0.3770 h=0.1615,MERGE_CONTIGUOUS_PUDDLES,Image contains 6 fragmented boxes covering single connected flood zone; merge adjacent sub-boxes into unified flood polygon.,HIGH (M1.9 evidence: 7 cluster merging failure cases)
waterlogging_waterloggingt-114-_jpg.rf.a77c20c66646123b6ed8f2712dc711a2.jpg,cls=2 xc=0.2695 yc=0.5365 w=0.5391 h=0.0573,ADJUST_BOUNDARY,Extremely wide thin strip (AR=9.41); covers narrow gutter/curb line rather than bounded water hazard.,MEDIUM (Edge artifact)
waterlogging_waterloggingt-114-_jpg.rf.a77c20c66646123b6ed8f2712dc711a2.jpg,cls=2 xc=0.6572 yc=0.7721 w=0.2363 h=0.1849,MERGE_CONTIGUOUS_PUDDLES,Image contains 6 fragmented boxes covering single connected flood zone; merge adjacent sub-boxes into unified flood polygon.,HIGH (M1.9 evidence: 7 cluster merging failure cases)
waterlogging_waterloggingt-114-_jpg.rf.a77c20c66646123b6ed8f2712dc711a2.jpg,cls=2 xc=0.9141 yc=0.8346 w=0.1719 h=0.1536,MERGE_CONTIGUOUS_PUDDLES,Image contains 6 fragmented boxes covering single connected flood zone; merge adjacent sub-boxes into unified flood polygon.,HIGH (M1.9 evidence: 7 cluster merging failure cases)
waterlogging_waterloggingt-115-_jpg.rf.21dad62be0187d4a2286185efd45bd90.jpg,cls=2 xc=0.1201 yc=0.2253 w=0.2402 h=0.4505,MERGE_CONTIGUOUS_PUDDLES,Image contains 6 fragmented boxes covering single connected flood zone; merge adjacent sub-boxes into unified flood polygon.,HIGH (M1.9 evidence: 7 cluster merging failure cases)
waterlogging_waterloggingt-115-_jpg.rf.21dad62be0187d4a2286185efd45bd90.jpg,cls=2 xc=0.8047 yc=0.0742 w=0.0664 h=0.1484,MERGE_OR_EXPAND,Sub-1% puddle box (0.00986); should be merged into adjacent contiguous flood boundary or reviewed for visual prominence.,HIGH (M1.9 cluster merging failure mode)
waterlogging_waterloggingt-115-_jpg.rf.21dad62be0187d4a2286185efd45bd90.jpg,cls=2 xc=0.8457 yc=0.4049 w=0.0586 h=0.2708,EXCLUDE_ROTATED_BOX,"Extremely tall narrow box (AR=0.22, w=0.059, h=0.271); represents vertical road edge or rotated puddle.",HIGH (Roboflow 90° rotation artifact)
waterlogging_waterloggingt-115-_jpg.rf.21dad62be0187d4a2286185efd45bd90.jpg,cls=2 xc=0.4023 yc=0.7760 w=0.1445 h=0.1927,MERGE_CONTIGUOUS_PUDDLES,Image contains 6 fragmented boxes covering single connected flood zone; merge adjacent sub-boxes into unified flood polygon.,HIGH (M1.9 evidence: 7 cluster merging failure cases)
waterlogging_waterloggingt-115-_jpg.rf.21dad62be0187d4a2286185efd45bd90.jpg,cls=2 xc=0.9551 yc=0.8398 w=0.0898 h=0.3203,MERGE_CONTIGUOUS_PUDDLES,Image contains 6 fragmented boxes covering single connected flood zone; merge adjacent sub-boxes into unified flood polygon.,HIGH (M1.9 evidence: 7 cluster merging failure cases)
waterlogging_waterloggingt-115-_jpg.rf.21dad62be0187d4a2286185efd45bd90.jpg,cls=2 xc=0.8135 yc=0.9479 w=0.1113 h=0.1042,MERGE_CONTIGUOUS_PUDDLES,Image contains 6 fragmented boxes covering single connected flood zone; merge adjacent sub-boxes into unified flood polygon.,HIGH (M1.9 evidence: 7 cluster merging failure cases)
waterlogging_waterloggingt-115-_jpg.rf.3210a5c3958dec55dc6a0ef050badd72.jpg,cls=2 xc=0.9004 yc=0.2148 w=0.1992 h=0.4297,RETAIN_VALID,"Well-proportioned waterlogging box (area=0.0856, AR=0.46) covering distinct road water pool.",HIGH (True positive pattern in M1.9)
waterlogging_waterloggingt-115-_jpg.rf.3210a5c3958dec55dc6a0ef050badd72.jpg,cls=2 xc=0.9473 yc=0.6667 w=0.1055 h=0.4740,EXCLUDE_ROTATED_BOX,"Extremely tall narrow box (AR=0.22, w=0.105, h=0.474); represents vertical road edge or rotated puddle.",HIGH (Roboflow 90° rotation artifact)
waterlogging_waterloggingt-115-_jpg.rf.3210a5c3958dec55dc6a0ef050badd72.jpg,cls=2 xc=0.8477 yc=0.4961 w=0.0703 h=0.1328,MERGE_OR_EXPAND,Sub-1% puddle box (0.00934); should be merged into adjacent contiguous flood boundary or reviewed for visual prominence.,HIGH (M1.9 cluster merging failure mode)
waterlogging_waterloggingt-115-_jpg.rf.635c01c23fc97d12f874cf603283a994.jpg,cls=2 xc=0.3955 yc=0.2708 w=0.0801 h=0.2552,RETAIN_VALID,"Well-proportioned waterlogging box (area=0.0204, AR=0.31) covering distinct road water pool.",HIGH (True positive pattern in M1.9)
waterlogging_waterloggingt-115-_jpg.rf.635c01c23fc97d12f874cf603283a994.jpg,cls=2 xc=0.7568 yc=0.3711 w=0.1348 h=0.0547,MERGE_OR_EXPAND,Sub-1% puddle box (0.00737); should be merged into adjacent contiguous flood boundary or reviewed for visual prominence.,HIGH (M1.9 cluster merging failure mode)
waterlogging_waterloggingt-115-_jpg.rf.635c01c23fc97d12f874cf603283a994.jpg,cls=2 xc=0.4199 yc=0.9141 w=0.0781 h=0.1719,RETAIN_VALID,"Well-proportioned waterlogging box (area=0.0134, AR=0.45) covering distinct road water pool.",HIGH (True positive pattern in M1.9)
waterlogging_waterloggingt-116-_jpg.rf.32551d1138be7e0c4bdb64925c0f44eb.jpg,cls=2 xc=0.1963 yc=0.0794 w=0.3926 h=0.1589,MERGE_CONTIGUOUS_PUDDLES,Image contains 5 fragmented boxes covering single connected flood zone; merge adjacent sub-boxes into unified flood polygon.,HIGH (M1.9 evidence: 7 cluster merging failure cases)
waterlogging_waterloggingt-116-_jpg.rf.32551d1138be7e0c4bdb64925c0f44eb.jpg,cls=2 xc=0.6973 yc=0.1172 w=0.1758 h=0.2344,MERGE_CONTIGUOUS_PUDDLES,Image contains 5 fragmented boxes covering single connected flood zone; merge adjacent sub-boxes into unified flood polygon.,HIGH (M1.9 evidence: 7 cluster merging failure cases)
waterlogging_waterloggingt-116-_jpg.rf.32551d1138be7e0c4bdb64925c0f44eb.jpg,cls=2 xc=0.0859 yc=0.6849 w=0.1719 h=0.6302,MERGE_CONTIGUOUS_PUDDLES,Image contains 5 fragmented boxes covering single connected flood zone; merge adjacent sub-boxes into unified flood polygon.,HIGH (M1.9 evidence: 7 cluster merging failure cases)
waterlogging_waterloggingt-116-_jpg.rf.32551d1138be7e0c4bdb64925c0f44eb.jpg,cls=2 xc=0.2197 yc=0.4206 w=0.0723 h=0.1016,MERGE_OR_EXPAND,Sub-1% puddle box (0.00734); should be merged into adjacent contiguous flood boundary or reviewed for visual prominence.,HIGH (M1.9 cluster merging failure mode)
waterlogging_waterloggingt-116-_jpg.rf.32551d1138be7e0c4bdb64925c0f44eb.jpg,cls=2 xc=0.7783 yc=0.6849 w=0.3379 h=0.6302,MERGE_CONTIGUOUS_PUDDLES,Image contains 5 fragmented boxes covering single connected flood zone; merge adjacent sub-boxes into unified flood polygon.,HIGH (M1.9 evidence: 7 cluster merging failure cases)
waterlogging_waterloggingt-116-_jpg.rf.9bd10500ac27cc1bd5a73b306b5b500f.jpg,cls=2 xc=0.2930 yc=0.4466 w=0.4336 h=0.4427,RETAIN_VALID,"Well-proportioned waterlogging box (area=0.1920, AR=0.98) covering distinct road water pool.",HIGH (True positive pattern in M1.9)
waterlogging_waterloggingt-116-_jpg.rf.9bd10500ac27cc1bd5a73b306b5b500f.jpg,cls=2 xc=0.8350 yc=0.3945 w=0.1348 h=0.7891,EXCLUDE_ROTATED_BOX,"Extremely tall narrow box (AR=0.17, w=0.135, h=0.789); represents vertical road edge or rotated puddle.",HIGH (Roboflow 90° rotation artifact)
waterlogging_waterloggingt-116-_jpg.rf.9bd10500ac27cc1bd5a73b306b5b500f.jpg,cls=2 xc=0.3906 yc=0.8893 w=0.0820 h=0.2005,RETAIN_VALID,"Well-proportioned waterlogging box (area=0.0164, AR=0.41) covering distinct road water pool.",HIGH (True positive pattern in M1.9)
waterlogging_waterloggingt-116-_jpg.rf.fac505288582c2b139d1d005b445b23f.jpg,cls=2 xc=0.1543 yc=0.2656 w=0.3086 h=0.4427,MERGE_CONTIGUOUS_PUDDLES,Image contains 5 fragmented boxes covering single connected flood zone; merge adjacent sub-boxes into unified flood polygon.,HIGH (M1.9 evidence: 7 cluster merging failure cases)
waterlogging_waterloggingt-116-_jpg.rf.fac505288582c2b139d1d005b445b23f.jpg,cls=2 xc=0.7764 yc=0.2865 w=0.1738 h=0.2734,MERGE_CONTIGUOUS_PUDDLES,Image contains 5 fragmented boxes covering single connected flood zone; merge adjacent sub-boxes into unified flood polygon.,HIGH (M1.9 evidence: 7 cluster merging failure cases)
waterlogging_waterloggingt-116-_jpg.rf.fac505288582c2b139d1d005b445b23f.jpg,cls=2 xc=0.9189 yc=0.0469 w=0.1621 h=0.0938,MERGE_CONTIGUOUS_PUDDLES,Image contains 5 fragmented boxes covering single connected flood zone; merge adjacent sub-boxes into unified flood polygon.,HIGH (M1.9 evidence: 7 cluster merging failure cases)
waterlogging_waterloggingt-116-_jpg.rf.fac505288582c2b139d1d005b445b23f.jpg,cls=2 xc=0.2373 yc=0.7891 w=0.1426 h=0.4219,MERGE_CONTIGUOUS_PUDDLES,Image contains 5 fragmented boxes covering single connected flood zone; merge adjacent sub-boxes into unified flood polygon.,HIGH (M1.9 evidence: 7 cluster merging failure cases)
waterlogging_waterloggingt-116-_jpg.rf.fac505288582c2b139d1d005b445b23f.jpg,cls=2 xc=0.5615 yc=0.7891 w=0.0605 h=0.4219,EXCLUDE_ROTATED_BOX,"Extremely tall narrow box (AR=0.14, w=0.061, h=0.422); represents vertical road edge or rotated puddle.",HIGH (Roboflow 90° rotation artifact)
waterlogging_waterloggingt-12-_jpg.rf.0789ade816fc0a61a2747f56a4752f37.jpg,cls=2 xc=0.4121 yc=0.2448 w=0.2148 h=0.4896,MERGE_CONTIGUOUS_PUDDLES,Image contains 7 fragmented boxes covering single connected flood zone; merge adjacent sub-boxes into unified flood polygon.,HIGH (M1.9 evidence: 7 cluster merging failure cases)
waterlogging_waterloggingt-12-_jpg.rf.0789ade816fc0a61a2747f56a4752f37.jpg,cls=2 xc=0.2666 yc=0.0560 w=0.0410 h=0.1120,REMOVE_TINY_BOX,Micro-puddle with area 0.00459 (<0.5% image); downsampling to 640x640 causes spatial collapse and feature loss.,HIGH (Direct M1.9 evidence: 10 micro-puddle False Negatives)
waterlogging_waterloggingt-12-_jpg.rf.0789ade816fc0a61a2747f56a4752f37.jpg,cls=2 xc=0.7500 yc=0.2448 w=0.3320 h=0.4896,MERGE_CONTIGUOUS_PUDDLES,Image contains 7 fragmented boxes covering single connected flood zone; merge adjacent sub-boxes into unified flood polygon.,HIGH (M1.9 evidence: 7 cluster merging failure cases)
waterlogging_waterloggingt-12-_jpg.rf.0789ade816fc0a61a2747f56a4752f37.jpg,cls=2 xc=0.5479 yc=0.1667 w=0.0566 h=0.3333,EXCLUDE_ROTATED_BOX,"Extremely tall narrow box (AR=0.17, w=0.057, h=0.333); represents vertical road edge or rotated puddle.",HIGH (Roboflow 90° rotation artifact)
waterlogging_waterloggingt-12-_jpg.rf.0789ade816fc0a61a2747f56a4752f37.jpg,cls=2 xc=0.4160 yc=0.7448 w=0.0742 h=0.5104,EXCLUDE_ROTATED_BOX,"Extremely tall narrow box (AR=0.15, w=0.074, h=0.510); represents vertical road edge or rotated puddle.",HIGH (Roboflow 90° rotation artifact)
waterlogging_waterloggingt-12-_jpg.rf.0789ade816fc0a61a2747f56a4752f37.jpg,cls=2 xc=0.3564 yc=0.7539 w=0.0410 h=0.4922,EXCLUDE_ROTATED_BOX,"Extremely tall narrow box (AR=0.08, w=0.041, h=0.492); represents vertical road edge or rotated puddle.",HIGH (Roboflow 90° rotation artifact)
waterlogging_waterloggingt-12-_jpg.rf.0789ade816fc0a61a2747f56a4752f37.jpg,cls=2 xc=0.9453 yc=0.7448 w=0.1094 h=0.5104,EXCLUDE_ROTATED_BOX,"Extremely tall narrow box (AR=0.21, w=0.109, h=0.510); represents vertical road edge or rotated puddle.",HIGH (Roboflow 90° rotation artifact)
waterlogging_waterloggingt-12-_jpg.rf.20f65b01928efa45d61cc5f969d78a7d.jpg,cls=2 xc=0.9121 yc=0.1758 w=0.1055 h=0.3516,MERGE_CONTIGUOUS_PUDDLES,Image contains 5 fragmented boxes covering single connected flood zone; merge adjacent sub-boxes into unified flood polygon.,HIGH (M1.9 evidence: 7 cluster merging failure cases)
waterlogging_waterloggingt-12-_jpg.rf.20f65b01928efa45d61cc5f969d78a7d.jpg,cls=2 xc=0.8389 yc=0.2565 w=0.0312 h=0.2005,MERGE_OR_EXPAND,Sub-1% puddle box (0.00627); should be merged into adjacent contiguous flood boundary or reviewed for visual prominence.,HIGH (M1.9 cluster merging failure mode)
waterlogging_waterloggingt-12-_jpg.rf.20f65b01928efa45d61cc5f969d78a7d.jpg,cls=2 xc=0.1016 yc=0.7292 w=0.1055 h=0.5417,ADJUST_BOUNDARY,"Extremely tall narrow box (AR=0.19, w=0.105, h=0.542); represents vertical road edge or rotated puddle.",HIGH (Roboflow 90° rotation artifact)
waterlogging_waterloggingt-12-_jpg.rf.20f65b01928efa45d61cc5f969d78a7d.jpg,cls=2 xc=0.7607 yc=0.9297 w=0.4160 h=0.1406,MERGE_CONTIGUOUS_PUDDLES,Image contains 5 fragmented boxes covering single connected flood zone; merge adjacent sub-boxes into unified flood polygon.,HIGH (M1.9 evidence: 7 cluster merging failure cases)
waterlogging_waterloggingt-12-_jpg.rf.20f65b01928efa45d61cc5f969d78a7d.jpg,cls=2 xc=0.7100 yc=0.7201 w=0.2676 h=0.2318,MERGE_CONTIGUOUS_PUDDLES,Image contains 5 fragmented boxes covering single connected flood zone; merge adjacent sub-boxes into unified flood polygon.,HIGH (M1.9 evidence: 7 cluster merging failure cases)
waterlogging_waterloggingt-12-_jpg.rf.c064ee6b5e0eeacf45920ff9dbe16e91.jpg,cls=2 xc=0.7012 yc=0.1888 w=0.5977 h=0.3776,RETAIN_VALID,"Well-proportioned waterlogging box (area=0.2257, AR=1.58) covering distinct road water pool.",HIGH (True positive pattern in M1.9)
waterlogging_waterloggingt-12-_jpg.rf.c064ee6b5e0eeacf45920ff9dbe16e91.jpg,cls=2 xc=0.2148 yc=0.7096 w=0.3672 h=0.1068,RETAIN_VALID,"Well-proportioned waterlogging box (area=0.0392, AR=3.44) covering distinct road water pool.",HIGH (True positive pattern in M1.9)
waterlogging_waterloggingt-12-_jpg.rf.c064ee6b5e0eeacf45920ff9dbe16e91.jpg,cls=2 xc=0.1016 yc=0.9310 w=0.2031 h=0.1380,RETAIN_VALID,"Well-proportioned waterlogging box (area=0.0280, AR=1.47) covering distinct road water pool.",HIGH (True positive pattern in M1.9)
waterlogging_waterloggingt-12-_jpg.rf.c064ee6b5e0eeacf45920ff9dbe16e91.jpg,cls=2 xc=0.5742 yc=0.9049 w=0.3516 h=0.1432,RETAIN_VALID,"Well-proportioned waterlogging box (area=0.0504, AR=2.45) covering distinct road water pool.",HIGH (True positive pattern in M1.9)
waterlogging_waterloggingt-121-_jpg.rf.148214b683fb45d57f49ca772181d434.jpg,cls=2 xc=0.4756 yc=0.2448 w=0.4082 h=0.4896,RETAIN_VALID,"Well-proportioned waterlogging box (area=0.1998, AR=0.83) covering distinct road water pool.",HIGH (True positive pattern in M1.9)
waterlogging_waterloggingt-121-_jpg.rf.148214b683fb45d57f49ca772181d434.jpg,cls=2 xc=0.6572 yc=0.7500 w=0.1621 h=0.5000,RETAIN_VALID,"Well-proportioned waterlogging box (area=0.0811, AR=0.32) covering distinct road water pool.",HIGH (True positive pattern in M1.9)
waterlogging_waterloggingt-121-_jpg.rf.71504412e4ffe90699727d8deaddf58e.jpg,cls=2 xc=0.2246 yc=0.2253 w=0.4492 h=0.2682,MERGE_CONTIGUOUS_PUDDLES,Image contains 6 fragmented boxes covering single connected flood zone; merge adjacent sub-boxes into unified flood polygon.,HIGH (M1.9 evidence: 7 cluster merging failure cases)
waterlogging_waterloggingt-121-_jpg.rf.71504412e4ffe90699727d8deaddf58e.jpg,cls=2 xc=0.6963 yc=0.0182 w=0.4629 h=0.0365,ADJUST_BOUNDARY,Extremely wide thin strip (AR=12.70); covers narrow gutter/curb line rather than bounded water hazard.,MEDIUM (Edge artifact)
waterlogging_waterloggingt-121-_jpg.rf.71504412e4ffe90699727d8deaddf58e.jpg,cls=2 xc=0.2246 yc=0.9401 w=0.4492 h=0.1198,MERGE_CONTIGUOUS_PUDDLES,Image contains 6 fragmented boxes covering single connected flood zone; merge adjacent sub-boxes into unified flood polygon.,HIGH (M1.9 evidence: 7 cluster merging failure cases)
waterlogging_waterloggingt-121-_jpg.rf.71504412e4ffe90699727d8deaddf58e.jpg,cls=2 xc=0.1367 yc=0.7760 w=0.2734 h=0.1719,MERGE_CONTIGUOUS_PUDDLES,Image contains 6 fragmented boxes covering single connected flood zone; merge adjacent sub-boxes into unified flood polygon.,HIGH (M1.9 evidence: 7 cluster merging failure cases)
waterlogging_waterloggingt-121-_jpg.rf.71504412e4ffe90699727d8deaddf58e.jpg,cls=2 xc=0.7246 yc=0.8424 w=0.5508 h=0.3151,MERGE_CONTIGUOUS_PUDDLES,Image contains 6 fragmented boxes covering single connected flood zone; merge adjacent sub-boxes into unified flood polygon.,HIGH (M1.9 evidence: 7 cluster merging failure cases)
waterlogging_waterloggingt-121-_jpg.rf.71504412e4ffe90699727d8deaddf58e.jpg,cls=2 xc=0.5693 yc=0.5586 w=0.2402 h=0.1432,MERGE_CONTIGUOUS_PUDDLES,Image contains 6 fragmented boxes covering single connected flood zone; merge adjacent sub-boxes into unified flood polygon.,HIGH (M1.9 evidence: 7 cluster merging failure cases)
waterlogging_waterloggingt-121-_jpg.rf.90aa6b801e7b610a5ecc58a3ffc6d4ad.jpg,cls=2 xc=0.1865 yc=0.3190 w=0.3730 h=0.6380,MERGE_CONTIGUOUS_PUDDLES,Image contains 6 fragmented boxes covering single connected flood zone; merge adjacent sub-boxes into unified flood polygon.,HIGH (M1.9 evidence: 7 cluster merging failure cases)
waterlogging_waterloggingt-121-_jpg.rf.90aa6b801e7b610a5ecc58a3ffc6d4ad.jpg,cls=2 xc=0.5420 yc=0.3190 w=0.0449 h=0.6380,EXCLUDE_ROTATED_BOX,"Extremely tall narrow box (AR=0.07, w=0.045, h=0.638); represents vertical road edge or rotated puddle.",HIGH (Roboflow 90° rotation artifact)
waterlogging_waterloggingt-121-_jpg.rf.90aa6b801e7b610a5ecc58a3ffc6d4ad.jpg,cls=2 xc=0.6172 yc=0.3932 w=0.0781 h=0.4896,EXCLUDE_ROTATED_BOX,"Extremely tall narrow box (AR=0.16, w=0.078, h=0.490); represents vertical road edge or rotated puddle.",HIGH (Roboflow 90° rotation artifact)
waterlogging_waterloggingt-121-_jpg.rf.90aa6b801e7b610a5ecc58a3ffc6d4ad.jpg,cls=2 xc=0.4209 yc=0.7188 w=0.1348 h=0.1615,MERGE_CONTIGUOUS_PUDDLES,Image contains 6 fragmented boxes covering single connected flood zone; merge adjacent sub-boxes into unified flood polygon.,HIGH (M1.9 evidence: 7 cluster merging failure cases)
waterlogging_waterloggingt-121-_jpg.rf.90aa6b801e7b610a5ecc58a3ffc6d4ad.jpg,cls=2 xc=0.4512 yc=0.9245 w=0.1367 h=0.1510,MERGE_CONTIGUOUS_PUDDLES,Image contains 6 fragmented boxes covering single connected flood zone; merge adjacent sub-boxes into unified flood polygon.,HIGH (M1.9 evidence: 7 cluster merging failure cases)
waterlogging_waterloggingt-121-_jpg.rf.90aa6b801e7b610a5ecc58a3ffc6d4ad.jpg,cls=2 xc=0.6006 yc=0.8190 w=0.1621 h=0.3620,MERGE_CONTIGUOUS_PUDDLES,Image contains 6 fragmented boxes covering single connected flood zone; merge adjacent sub-boxes into unified flood polygon.,HIGH (M1.9 evidence: 7 cluster merging failure cases)
waterlogging_waterloggingt-123-_jpg.rf.caafec34b2c9f23b90ebaa43223ffb59.jpg,cls=2 xc=0.4443 yc=0.7669 w=0.2539 h=0.1849,RETAIN_VALID,"Well-proportioned waterlogging box (area=0.0469, AR=1.37) covering distinct road water pool.",HIGH (True positive pattern in M1.9)
waterlogging_waterloggingt-123-_jpg.rf.caafec34b2c9f23b90ebaa43223ffb59.jpg,cls=2 xc=0.7920 yc=0.8333 w=0.3320 h=0.1198,RETAIN_VALID,"Well-proportioned waterlogging box (area=0.0398, AR=2.77) covering distinct road water pool.",HIGH (True positive pattern in M1.9)
waterlogging_waterloggingt-123-_jpg.rf.caafec34b2c9f23b90ebaa43223ffb59.jpg,cls=2 xc=0.1191 yc=0.7096 w=0.2285 h=0.1276,RETAIN_VALID,"Well-proportioned waterlogging box (area=0.0292, AR=1.79) covering distinct road water pool.",HIGH (True positive pattern in M1.9)
waterlogging_waterloggingt-124-_jpg.rf.db98b0141ebde1e782c5ae2ba94df6b7.jpg,cls=2 xc=0.5010 yc=0.5938 w=0.9922 h=0.8125,RETAIN_VALID,"Well-proportioned waterlogging box (area=0.8062, AR=1.22) covering distinct road water pool.",HIGH (True positive pattern in M1.9)
waterlogging_waterloggingt-125-_jpg.rf.14bd6556d24e30e94d0e5dffeaeb7a37.jpg,cls=2 xc=0.3145 yc=0.4297 w=0.1035 h=0.2708,MERGE_CONTIGUOUS_PUDDLES,Image contains 5 fragmented boxes covering single connected flood zone; merge adjacent sub-boxes into unified flood polygon.,HIGH (M1.9 evidence: 7 cluster merging failure cases)
waterlogging_waterloggingt-125-_jpg.rf.14bd6556d24e30e94d0e5dffeaeb7a37.jpg,cls=2 xc=0.3662 yc=0.1159 w=0.1426 h=0.2318,MERGE_CONTIGUOUS_PUDDLES,Image contains 5 fragmented boxes covering single connected flood zone; merge adjacent sub-boxes into unified flood polygon.,HIGH (M1.9 evidence: 7 cluster merging failure cases)
waterlogging_waterloggingt-125-_jpg.rf.14bd6556d24e30e94d0e5dffeaeb7a37.jpg,cls=2 xc=0.9209 yc=0.4844 w=0.1152 h=0.2083,MERGE_CONTIGUOUS_PUDDLES,Image contains 5 fragmented boxes covering single connected flood zone; merge adjacent sub-boxes into unified flood polygon.,HIGH (M1.9 evidence: 7 cluster merging failure cases)
waterlogging_waterloggingt-125-_jpg.rf.14bd6556d24e30e94d0e5dffeaeb7a37.jpg,cls=2 xc=0.9072 yc=0.1797 w=0.0605 h=0.3594,EXCLUDE_ROTATED_BOX,"Extremely tall narrow box (AR=0.17, w=0.061, h=0.359); represents vertical road edge or rotated puddle.",HIGH (Roboflow 90° rotation artifact)
waterlogging_waterloggingt-125-_jpg.rf.14bd6556d24e30e94d0e5dffeaeb7a37.jpg,cls=2 xc=0.6631 yc=0.9206 w=0.1074 h=0.1589,MERGE_CONTIGUOUS_PUDDLES,Image contains 5 fragmented boxes covering single connected flood zone; merge adjacent sub-boxes into unified flood polygon.,HIGH (M1.9 evidence: 7 cluster merging failure cases)
waterlogging_waterloggingt-125-_jpg.rf.558568c9421be9bcd2a50ac467f2cf92.jpg,cls=2 xc=0.3027 yc=0.3750 w=0.2031 h=0.1380,MERGE_CONTIGUOUS_PUDDLES,Image contains 5 fragmented boxes covering single connected flood zone; merge adjacent sub-boxes into unified flood polygon.,HIGH (M1.9 evidence: 7 cluster merging failure cases)
waterlogging_waterloggingt-125-_jpg.rf.558568c9421be9bcd2a50ac467f2cf92.jpg,cls=2 xc=0.5293 yc=0.4440 w=0.1602 h=0.1901,MERGE_CONTIGUOUS_PUDDLES,Image contains 5 fragmented boxes covering single connected flood zone; merge adjacent sub-boxes into unified flood polygon.,HIGH (M1.9 evidence: 7 cluster merging failure cases)
waterlogging_waterloggingt-125-_jpg.rf.558568c9421be9bcd2a50ac467f2cf92.jpg,cls=2 xc=0.8320 yc=0.4622 w=0.3359 h=0.2109,MERGE_CONTIGUOUS_PUDDLES,Image contains 5 fragmented boxes covering single connected flood zone; merge adjacent sub-boxes into unified flood polygon.,HIGH (M1.9 evidence: 7 cluster merging failure cases)
waterlogging_waterloggingt-125-_jpg.rf.558568c9421be9bcd2a50ac467f2cf92.jpg,cls=2 xc=0.6309 yc=0.3893 w=0.0430 h=0.1224,MERGE_OR_EXPAND,Sub-1% puddle box (0.00526); should be merged into adjacent contiguous flood boundary or reviewed for visual prominence.,HIGH (M1.9 cluster merging failure mode)
waterlogging_waterloggingt-125-_jpg.rf.558568c9421be9bcd2a50ac467f2cf92.jpg,cls=2 xc=0.8047 yc=0.8242 w=0.3906 h=0.3516,MERGE_CONTIGUOUS_PUDDLES,Image contains 5 fragmented boxes covering single connected flood zone; merge adjacent sub-boxes into unified flood polygon.,HIGH (M1.9 evidence: 7 cluster merging failure cases)
waterlogging_waterloggingt-125-_jpg.rf.b3012b4ca4862ee70cffd58bca6652d2.jpg,cls=2 xc=0.3643 yc=0.0534 w=0.1035 h=0.1068,RETAIN_VALID,"Well-proportioned waterlogging box (area=0.0111, AR=0.97) covering distinct road water pool.",HIGH (True positive pattern in M1.9)
waterlogging_waterloggingt-125-_jpg.rf.b3012b4ca4862ee70cffd58bca6652d2.jpg,cls=2 xc=0.2041 yc=0.4857 w=0.1582 h=0.3151,RETAIN_VALID,"Well-proportioned waterlogging box (area=0.0499, AR=0.50) covering distinct road water pool.",HIGH (True positive pattern in M1.9)
waterlogging_waterloggingt-125-_jpg.rf.b3012b4ca4862ee70cffd58bca6652d2.jpg,cls=2 xc=0.1885 yc=0.9010 w=0.0996 h=0.1979,RETAIN_VALID,"Well-proportioned waterlogging box (area=0.0197, AR=0.50) covering distinct road water pool.",HIGH (True positive pattern in M1.9)
waterlogging_waterloggingt-125-_jpg.rf.b3012b4ca4862ee70cffd58bca6652d2.jpg,cls=2 xc=0.8623 yc=0.6966 w=0.1348 h=0.6068,EXCLUDE_ROTATED_BOX,"Extremely tall narrow box (AR=0.22, w=0.135, h=0.607); represents vertical road edge or rotated puddle.",HIGH (Roboflow 90° rotation artifact)
waterlogging_waterloggingt-127-_jpg.rf.090d8ef8c8e692676e501a52c18bd473.jpg,cls=2 xc=0.3838 yc=0.2721 w=0.2246 h=0.4714,MERGE_CONTIGUOUS_PUDDLES,Image contains 7 fragmented boxes covering single connected flood zone; merge adjacent sub-boxes into unified flood polygon.,HIGH (M1.9 evidence: 7 cluster merging failure cases)
waterlogging_waterloggingt-127-_jpg.rf.090d8ef8c8e692676e501a52c18bd473.jpg,cls=2 xc=0.1777 yc=0.3281 w=0.1582 h=0.1693,MERGE_CONTIGUOUS_PUDDLES,Image contains 7 fragmented boxes covering single connected flood zone; merge adjacent sub-boxes into unified flood polygon.,HIGH (M1.9 evidence: 7 cluster merging failure cases)
waterlogging_waterloggingt-127-_jpg.rf.090d8ef8c8e692676e501a52c18bd473.jpg,cls=2 xc=0.8457 yc=0.2656 w=0.0352 h=0.4844,EXCLUDE_ROTATED_BOX,"Extremely tall narrow box (AR=0.07, w=0.035, h=0.484); represents vertical road edge or rotated puddle.",HIGH (Roboflow 90° rotation artifact)
waterlogging_waterloggingt-127-_jpg.rf.090d8ef8c8e692676e501a52c18bd473.jpg,cls=2 xc=0.9482 yc=0.2539 w=0.1035 h=0.5078,EXCLUDE_ROTATED_BOX,"Extremely tall narrow box (AR=0.20, w=0.104, h=0.508); represents vertical road edge or rotated puddle.",HIGH (Roboflow 90° rotation artifact)
waterlogging_waterloggingt-127-_jpg.rf.090d8ef8c8e692676e501a52c18bd473.jpg,cls=2 xc=0.4053 yc=0.7539 w=0.2246 h=0.4922,MERGE_CONTIGUOUS_PUDDLES,Image contains 7 fragmented boxes covering single connected flood zone; merge adjacent sub-boxes into unified flood polygon.,HIGH (M1.9 evidence: 7 cluster merging failure cases)
waterlogging_waterloggingt-127-_jpg.rf.090d8ef8c8e692676e501a52c18bd473.jpg,cls=2 xc=0.2344 yc=0.9193 w=0.0977 h=0.1615,MERGE_CONTIGUOUS_PUDDLES,Image contains 7 fragmented boxes covering single connected flood zone; merge adjacent sub-boxes into unified flood polygon.,HIGH (M1.9 evidence: 7 cluster merging failure cases)
waterlogging_waterloggingt-127-_jpg.rf.090d8ef8c8e692676e501a52c18bd473.jpg,cls=2 xc=0.2334 yc=0.6146 w=0.0840 h=0.2135,MERGE_CONTIGUOUS_PUDDLES,Image contains 7 fragmented boxes covering single connected flood zone; merge adjacent sub-boxes into unified flood polygon.,HIGH (M1.9 evidence: 7 cluster merging failure cases)
waterlogging_waterloggingt-127-_jpg.rf.0e8185f58b2e06d71649cff3a82df08c.jpg,cls=2 xc=0.1113 yc=0.1484 w=0.1582 h=0.1693,RETAIN_VALID,"Well-proportioned waterlogging box (area=0.0268, AR=0.93) covering distinct road water pool.",HIGH (True positive pattern in M1.9)
waterlogging_waterloggingt-127-_jpg.rf.0e8185f58b2e06d71649cff3a82df08c.jpg,cls=2 xc=0.5664 yc=0.1797 w=0.0742 h=0.3594,ADJUST_BOUNDARY,"Extremely tall narrow box (AR=0.21, w=0.074, h=0.359); represents vertical road edge or rotated puddle.",HIGH (Roboflow 90° rotation artifact)
waterlogging_waterloggingt-127-_jpg.rf.5b6ee9589c8ebaa451f0d866f47c0e2a.jpg,cls=2 xc=0.1045 yc=0.4362 w=0.1270 h=0.0859,RETAIN_VALID,"Well-proportioned waterlogging box (area=0.0109, AR=1.48) covering distinct road water pool.",HIGH (True positive pattern in M1.9)
waterlogging_waterloggingt-127-_jpg.rf.5b6ee9589c8ebaa451f0d866f47c0e2a.jpg,cls=2 xc=0.8193 yc=0.4141 w=0.3613 h=0.1302,RETAIN_VALID,"Well-proportioned waterlogging box (area=0.0470, AR=2.77) covering distinct road water pool.",HIGH (True positive pattern in M1.9)
waterlogging_waterloggingt-129-_jpg.rf.0f16f623499d48aba8c72b8ebd2ad14e.jpg,cls=2 xc=0.3242 yc=0.1745 w=0.1055 h=0.3490,RETAIN_VALID,"Well-proportioned waterlogging box (area=0.0368, AR=0.30) covering distinct road water pool.",HIGH (True positive pattern in M1.9)
waterlogging_waterloggingt-129-_jpg.rf.0f16f623499d48aba8c72b8ebd2ad14e.jpg,cls=2 xc=0.9170 yc=0.1523 w=0.1660 h=0.2734,RETAIN_VALID,"Well-proportioned waterlogging box (area=0.0454, AR=0.61) covering distinct road water pool.",HIGH (True positive pattern in M1.9)
waterlogging_waterloggingt-129-_jpg.rf.0f16f623499d48aba8c72b8ebd2ad14e.jpg,cls=2 xc=0.5967 yc=0.6120 w=0.0723 h=0.3333,EXCLUDE_ROTATED_BOX,"Extremely tall narrow box (AR=0.22, w=0.072, h=0.333); represents vertical road edge or rotated puddle.",HIGH (Roboflow 90° rotation artifact)
waterlogging_waterloggingt-129-_jpg.rf.1cdb041261ac454e7418539144ff25fc.jpg,cls=2 xc=0.4404 yc=0.2943 w=0.0566 h=0.5885,ADJUST_BOUNDARY,"Extremely tall narrow box (AR=0.10, w=0.057, h=0.589); represents vertical road edge or rotated puddle.",HIGH (Roboflow 90° rotation artifact)
waterlogging_waterloggingt-129-_jpg.rf.1cdb041261ac454e7418539144ff25fc.jpg,cls=2 xc=0.9648 yc=0.4336 w=0.0664 h=0.3099,ADJUST_BOUNDARY,"Extremely tall narrow box (AR=0.21, w=0.066, h=0.310); represents vertical road edge or rotated puddle.",HIGH (Roboflow 90° rotation artifact)
waterlogging_waterloggingt-129-_jpg.rf.1cdb041261ac454e7418539144ff25fc.jpg,cls=2 xc=0.1191 yc=0.7552 w=0.2070 h=0.3333,MERGE_CONTIGUOUS_PUDDLES,Image contains 5 fragmented boxes covering single connected flood zone; merge adjacent sub-boxes into unified flood polygon.,HIGH (M1.9 evidence: 7 cluster merging failure cases)
waterlogging_waterloggingt-129-_jpg.rf.1cdb041261ac454e7418539144ff25fc.jpg,cls=2 xc=0.2207 yc=0.9674 w=0.2734 h=0.0651,ADJUST_BOUNDARY,Extremely wide thin strip (AR=4.20); covers narrow gutter/curb line rather than bounded water hazard.,MEDIUM (Edge artifact)
waterlogging_waterloggingt-129-_jpg.rf.1cdb041261ac454e7418539144ff25fc.jpg,cls=2 xc=0.2705 yc=0.7435 w=0.0488 h=0.3099,ADJUST_BOUNDARY,"Extremely tall narrow box (AR=0.16, w=0.049, h=0.310); represents vertical road edge or rotated puddle.",HIGH (Roboflow 90° rotation artifact)
waterlogging_waterloggingt-129-_jpg.rf.ee7df173f24985f313e4e622cb363852.jpg,cls=2 xc=0.3330 yc=0.4193 w=0.3535 h=0.1406,MERGE_CONTIGUOUS_PUDDLES,Image contains 6 fragmented boxes covering single connected flood zone; merge adjacent sub-boxes into unified flood polygon.,HIGH (M1.9 evidence: 7 cluster merging failure cases)
waterlogging_waterloggingt-129-_jpg.rf.ee7df173f24985f313e4e622cb363852.jpg,cls=2 xc=0.0586 yc=0.4505 w=0.1172 h=0.0625,MERGE_OR_EXPAND,Sub-1% puddle box (0.00732); should be merged into adjacent contiguous flood boundary or reviewed for visual prominence.,HIGH (M1.9 cluster merging failure mode)
waterlogging_waterloggingt-129-_jpg.rf.ee7df173f24985f313e4e622cb363852.jpg,cls=2 xc=0.7832 yc=0.3216 w=0.1504 h=0.1120,MERGE_CONTIGUOUS_PUDDLES,Image contains 6 fragmented boxes covering single connected flood zone; merge adjacent sub-boxes into unified flood polygon.,HIGH (M1.9 evidence: 7 cluster merging failure cases)
waterlogging_waterloggingt-129-_jpg.rf.ee7df173f24985f313e4e622cb363852.jpg,cls=2 xc=0.9521 yc=0.4635 w=0.0957 h=0.1302,MERGE_CONTIGUOUS_PUDDLES,Image contains 6 fragmented boxes covering single connected flood zone; merge adjacent sub-boxes into unified flood polygon.,HIGH (M1.9 evidence: 7 cluster merging failure cases)
waterlogging_waterloggingt-129-_jpg.rf.ee7df173f24985f313e4e622cb363852.jpg,cls=2 xc=0.8936 yc=0.7878 w=0.2129 h=0.2161,MERGE_CONTIGUOUS_PUDDLES,Image contains 6 fragmented boxes covering single connected flood zone; merge adjacent sub-boxes into unified flood polygon.,HIGH (M1.9 evidence: 7 cluster merging failure cases)
waterlogging_waterloggingt-129-_jpg.rf.ee7df173f24985f313e4e622cb363852.jpg,cls=2 xc=0.6445 yc=0.7161 w=0.2695 h=0.0729,MERGE_CONTIGUOUS_PUDDLES,Image contains 6 fragmented boxes covering single connected flood zone; merge adjacent sub-boxes into unified flood polygon.,HIGH (M1.9 evidence: 7 cluster merging failure cases)
waterlogging_waterloggingt-13-_jpg.rf.5a5d0632ce434c77e61c160471ba9a81.jpg,cls=2 xc=0.3418 yc=0.1380 w=0.1367 h=0.2760,RETAIN_VALID,"Well-proportioned waterlogging box (area=0.0377, AR=0.50) covering distinct road water pool.",HIGH (True positive pattern in M1.9)
waterlogging_waterloggingt-13-_jpg.rf.5a5d0632ce434c77e61c160471ba9a81.jpg,cls=2 xc=0.7803 yc=0.2396 w=0.3418 h=0.4792,RETAIN_VALID,"Well-proportioned waterlogging box (area=0.1638, AR=0.71) covering distinct road water pool.",HIGH (True positive pattern in M1.9)
waterlogging_waterloggingt-13-_jpg.rf.5a5d0632ce434c77e61c160471ba9a81.jpg,cls=2 xc=0.3086 yc=0.7396 w=0.0742 h=0.5208,EXCLUDE_ROTATED_BOX,"Extremely tall narrow box (AR=0.14, w=0.074, h=0.521); represents vertical road edge or rotated puddle.",HIGH (Roboflow 90° rotation artifact)
waterlogging_waterloggingt-13-_jpg.rf.5a5d0632ce434c77e61c160471ba9a81.jpg,cls=2 xc=0.2490 yc=0.8529 w=0.0410 h=0.2943,EXCLUDE_ROTATED_BOX,"Extremely tall narrow box (AR=0.14, w=0.041, h=0.294); represents vertical road edge or rotated puddle.",HIGH (Roboflow 90° rotation artifact)
waterlogging_waterloggingt-13-_jpg.rf.7e8e5ba053c088ef775de376799ade88.jpg,cls=2 xc=0.3330 yc=0.3320 w=0.1367 h=0.3672,RETAIN_VALID,"Well-proportioned waterlogging box (area=0.0502, AR=0.37) covering distinct road water pool.",HIGH (True positive pattern in M1.9)
waterlogging_waterloggingt-13-_jpg.rf.7e8e5ba053c088ef775de376799ade88.jpg,cls=2 xc=0.6387 yc=0.3477 w=0.1055 h=0.4609,ADJUST_BOUNDARY,"Extremely tall narrow box (AR=0.23, w=0.105, h=0.461); represents vertical road edge or rotated puddle.",HIGH (Roboflow 90° rotation artifact)
waterlogging_waterloggingt-13-_jpg.rf.7e8e5ba053c088ef775de376799ade88.jpg,cls=2 xc=0.6836 yc=0.0130 w=0.1055 h=0.0260,REMOVE_TINY_BOX,Micro-puddle with area 0.00275 (<0.5% image); downsampling to 640x640 causes spatial collapse and feature loss.,HIGH (Direct M1.9 evidence: 10 micro-puddle False Negatives)
waterlogging_waterloggingt-13-_jpg.rf.ea9f0605d797178c13c7e0f097d25b34.jpg,cls=2 xc=0.2510 yc=0.1940 w=0.1367 h=0.3672,RETAIN_VALID,"Well-proportioned waterlogging box (area=0.0502, AR=0.37) covering distinct road water pool.",HIGH (True positive pattern in M1.9)
waterlogging_waterloggingt-13-_jpg.rf.ea9f0605d797178c13c7e0f097d25b34.jpg,cls=2 xc=0.7471 yc=0.2500 w=0.1582 h=0.5000,RETAIN_VALID,"Well-proportioned waterlogging box (area=0.0791, AR=0.32) covering distinct road water pool.",HIGH (True positive pattern in M1.9)
waterlogging_waterloggingt-13-_jpg.rf.ea9f0605d797178c13c7e0f097d25b34.jpg,cls=2 xc=0.6143 yc=0.4375 w=0.0605 h=0.1250,MERGE_OR_EXPAND,Sub-1% puddle box (0.00757); should be merged into adjacent contiguous flood boundary or reviewed for visual prominence.,HIGH (M1.9 cluster merging failure mode)
waterlogging_waterloggingt-13-_jpg.rf.ea9f0605d797178c13c7e0f097d25b34.jpg,cls=2 xc=0.4629 yc=0.7578 w=0.0312 h=0.4844,EXCLUDE_ROTATED_BOX,"Extremely tall narrow box (AR=0.06, w=0.031, h=0.484); represents vertical road edge or rotated puddle.",HIGH (Roboflow 90° rotation artifact)
waterlogging_waterloggingt-131-_jpg.rf.3dccd359864294689b2b3712af187782.jpg,cls=2 xc=0.0801 yc=0.2669 w=0.1602 h=0.1536,RETAIN_VALID,"Well-proportioned waterlogging box (area=0.0246, AR=1.04) covering distinct road water pool.",HIGH (True positive pattern in M1.9)
waterlogging_waterloggingt-131-_jpg.rf.3dccd359864294689b2b3712af187782.jpg,cls=2 xc=0.3867 yc=0.2487 w=0.4258 h=0.0807,ADJUST_BOUNDARY,Extremely wide thin strip (AR=5.27); covers narrow gutter/curb line rather than bounded water hazard.,MEDIUM (Edge artifact)
waterlogging_waterloggingt-131-_jpg.rf.3dccd359864294689b2b3712af187782.jpg,cls=2 xc=0.0186 yc=0.5052 w=0.0371 h=0.0625,REMOVE_TINY_BOX,Micro-puddle with area 0.00232 (<0.5% image); downsampling to 640x640 causes spatial collapse and feature loss.,HIGH (Direct M1.9 evidence: 10 micro-puddle False Negatives)
waterlogging_waterloggingt-14-_jpg.rf.61a44bc7accbf3267e0553ca8d5918c2.jpg,cls=2 xc=0.3486 yc=0.3125 w=0.0781 h=0.2760,MERGE_CONTIGUOUS_PUDDLES,Image contains 5 fragmented boxes covering single connected flood zone; merge adjacent sub-boxes into unified flood polygon.,HIGH (M1.9 evidence: 7 cluster merging failure cases)
waterlogging_waterloggingt-14-_jpg.rf.61a44bc7accbf3267e0553ca8d5918c2.jpg,cls=2 xc=0.3838 yc=0.0482 w=0.0488 h=0.0964,REMOVE_TINY_BOX,Micro-puddle with area 0.00470 (<0.5% image); downsampling to 640x640 causes spatial collapse and feature loss.,HIGH (Direct M1.9 evidence: 10 micro-puddle False Negatives)
waterlogging_waterloggingt-14-_jpg.rf.61a44bc7accbf3267e0553ca8d5918c2.jpg,cls=2 xc=0.9023 yc=0.2747 w=0.0977 h=0.5495,EXCLUDE_ROTATED_BOX,"Extremely tall narrow box (AR=0.18, w=0.098, h=0.549); represents vertical road edge or rotated puddle.",HIGH (Roboflow 90° rotation artifact)
waterlogging_waterloggingt-14-_jpg.rf.61a44bc7accbf3267e0553ca8d5918c2.jpg,cls=2 xc=0.1592 yc=0.8737 w=0.0723 h=0.2526,MERGE_CONTIGUOUS_PUDDLES,Image contains 5 fragmented boxes covering single connected flood zone; merge adjacent sub-boxes into unified flood polygon.,HIGH (M1.9 evidence: 7 cluster merging failure cases)
waterlogging_waterloggingt-14-_jpg.rf.61a44bc7accbf3267e0553ca8d5918c2.jpg,cls=2 xc=0.1250 yc=0.6120 w=0.0781 h=0.1250,MERGE_OR_EXPAND,Sub-1% puddle box (0.00977); should be merged into adjacent contiguous flood boundary or reviewed for visual prominence.,HIGH (M1.9 cluster merging failure mode)
waterlogging_waterloggingt-14-_jpg.rf.ed32c615be56d69ea5d72b6bb14291fc.jpg,cls=2 xc=0.1689 yc=0.3151 w=0.0781 h=0.2760,RETAIN_VALID,"Well-proportioned waterlogging box (area=0.0216, AR=0.28) covering distinct road water pool.",HIGH (True positive pattern in M1.9)
waterlogging_waterloggingt-14-_jpg.rf.ed32c615be56d69ea5d72b6bb14291fc.jpg,cls=2 xc=0.2158 yc=0.0495 w=0.0723 h=0.0990,MERGE_OR_EXPAND,Sub-1% puddle box (0.00715); should be merged into adjacent contiguous flood boundary or reviewed for visual prominence.,HIGH (M1.9 cluster merging failure mode)
waterlogging_waterloggingt-14-_jpg.rf.ed32c615be56d69ea5d72b6bb14291fc.jpg,cls=2 xc=0.2598 yc=0.6198 w=0.0820 h=0.2812,RETAIN_VALID,"Well-proportioned waterlogging box (area=0.0231, AR=0.29) covering distinct road water pool.",HIGH (True positive pattern in M1.9)
waterlogging_waterloggingt-14-_jpg.rf.fc4f85a9cfcb85e9014fe91f7ab045b0.jpg,cls=2 xc=0.1562 yc=0.4023 w=0.2070 h=0.1042,MERGE_CONTIGUOUS_PUDDLES,Image contains 7 fragmented boxes covering single connected flood zone; merge adjacent sub-boxes into unified flood polygon.,HIGH (M1.9 evidence: 7 cluster merging failure cases)
waterlogging_waterloggingt-14-_jpg.rf.fc4f85a9cfcb85e9014fe91f7ab045b0.jpg,cls=2 xc=0.0166 yc=0.4779 w=0.0332 h=0.0964,REMOVE_TINY_BOX,Micro-puddle with area 0.00320 (<0.5% image); downsampling to 640x640 causes spatial collapse and feature loss.,HIGH (Direct M1.9 evidence: 10 micro-puddle False Negatives)
waterlogging_waterloggingt-14-_jpg.rf.fc4f85a9cfcb85e9014fe91f7ab045b0.jpg,cls=2 xc=0.4443 yc=0.4648 w=0.2520 h=0.0964,MERGE_CONTIGUOUS_PUDDLES,Image contains 7 fragmented boxes covering single connected flood zone; merge adjacent sub-boxes into unified flood polygon.,HIGH (M1.9 evidence: 7 cluster merging failure cases)
waterlogging_waterloggingt-14-_jpg.rf.fc4f85a9cfcb85e9014fe91f7ab045b0.jpg,cls=2 xc=0.7891 yc=0.5352 w=0.4219 h=0.1849,MERGE_CONTIGUOUS_PUDDLES,Image contains 7 fragmented boxes covering single connected flood zone; merge adjacent sub-boxes into unified flood polygon.,HIGH (M1.9 evidence: 7 cluster merging failure cases)
waterlogging_waterloggingt-14-_jpg.rf.fc4f85a9cfcb85e9014fe91f7ab045b0.jpg,cls=2 xc=0.7314 yc=0.3516 w=0.3066 h=0.1615,MERGE_CONTIGUOUS_PUDDLES,Image contains 7 fragmented boxes covering single connected flood zone; merge adjacent sub-boxes into unified flood polygon.,HIGH (M1.9 evidence: 7 cluster merging failure cases)
waterlogging_waterloggingt-14-_jpg.rf.fc4f85a9cfcb85e9014fe91f7ab045b0.jpg,cls=2 xc=0.2500 yc=0.6849 w=0.3398 h=0.1146,MERGE_CONTIGUOUS_PUDDLES,Image contains 7 fragmented boxes covering single connected flood zone; merge adjacent sub-boxes into unified flood polygon.,HIGH (M1.9 evidence: 7 cluster merging failure cases)
waterlogging_waterloggingt-14-_jpg.rf.fc4f85a9cfcb85e9014fe91f7ab045b0.jpg,cls=2 xc=0.2891 yc=0.8789 w=0.5781 h=0.1797,MERGE_CONTIGUOUS_PUDDLES,Image contains 7 fragmented boxes covering single connected flood zone; merge adjacent sub-boxes into unified flood polygon.,HIGH (M1.9 evidence: 7 cluster merging failure cases)
waterlogging_waterloggingt-10-_jpg.rf.6907c533b135a400dc53b46585bb1ed4.jpg,cls=2 xc=0.0918 yc=0.5312 w=0.1602 h=0.1172,RETAIN_VALID,"Well-proportioned waterlogging box (area=0.0188, AR=1.37) covering distinct road water pool.",HIGH (True positive pattern in M1.9)
waterlogging_waterloggingt-10-_jpg.rf.6907c533b135a400dc53b46585bb1ed4.jpg,cls=2 xc=0.6680 yc=0.5247 w=0.6211 h=0.1094,ADJUST_BOUNDARY,Extremely wide thin strip (AR=5.68); covers narrow gutter/curb line rather than bounded water hazard.,MEDIUM (Edge artifact)
waterlogging_waterloggingt-102-_jpg.rf.1a8bd735d4844c6f6494c70d16f69d38.jpg,cls=2 xc=0.5830 yc=0.5794 w=0.2910 h=0.2005,RETAIN_VALID,"Well-proportioned waterlogging box (area=0.0584, AR=1.45) covering distinct road water pool.",HIGH (True positive pattern in M1.9)
waterlogging_waterloggingt-102-_jpg.rf.1a8bd735d4844c6f6494c70d16f69d38.jpg,cls=2 xc=0.6680 yc=0.3372 w=0.1211 h=0.2005,RETAIN_VALID,"Well-proportioned waterlogging box (area=0.0243, AR=0.60) covering distinct road water pool.",HIGH (True positive pattern in M1.9)
waterlogging_waterloggingt-102-_jpg.rf.1a8bd735d4844c6f6494c70d16f69d38.jpg,cls=2 xc=0.8643 yc=0.5768 w=0.2715 h=0.2057,RETAIN_VALID,"Well-proportioned waterlogging box (area=0.0559, AR=1.32) covering distinct road water pool.",HIGH (True positive pattern in M1.9)
waterlogging_waterloggingt-102-_jpg.rf.3301021e42eb5a35c62cf11b8447dc39.jpg,cls=2 xc=0.6797 yc=0.5417 w=0.6406 h=0.2552,MERGE_CONTIGUOUS_PUDDLES,Image contains 6 fragmented boxes covering single connected flood zone; merge adjacent sub-boxes into unified flood polygon.,HIGH (M1.9 evidence: 7 cluster merging failure cases)
waterlogging_waterloggingt-102-_jpg.rf.3301021e42eb5a35c62cf11b8447dc39.jpg,cls=2 xc=0.4590 yc=0.0664 w=0.1992 h=0.1328,MERGE_CONTIGUOUS_PUDDLES,Image contains 6 fragmented boxes covering single connected flood zone; merge adjacent sub-boxes into unified flood polygon.,HIGH (M1.9 evidence: 7 cluster merging failure cases)
waterlogging_waterloggingt-102-_jpg.rf.3301021e42eb5a35c62cf11b8447dc39.jpg,cls=2 xc=0.9746 yc=0.2812 w=0.0508 h=0.2396,ADJUST_BOUNDARY,"Extremely tall narrow box (AR=0.21, w=0.051, h=0.240); represents vertical road edge or rotated puddle.",HIGH (Roboflow 90° rotation artifact)
waterlogging_waterloggingt-102-_jpg.rf.3301021e42eb5a35c62cf11b8447dc39.jpg,cls=2 xc=0.6230 yc=0.7565 w=0.2578 h=0.1745,MERGE_CONTIGUOUS_PUDDLES,Image contains 6 fragmented boxes covering single connected flood zone; merge adjacent sub-boxes into unified flood polygon.,HIGH (M1.9 evidence: 7 cluster merging failure cases)
waterlogging_waterloggingt-102-_jpg.rf.3301021e42eb5a35c62cf11b8447dc39.jpg,cls=2 xc=0.4141 yc=0.7786 w=0.1094 h=0.0677,MERGE_OR_EXPAND,Sub-1% puddle box (0.00741); should be merged into adjacent contiguous flood boundary or reviewed for visual prominence.,HIGH (M1.9 cluster merging failure mode)
waterlogging_waterloggingt-102-_jpg.rf.3301021e42eb5a35c62cf11b8447dc39.jpg,cls=2 xc=0.8643 yc=0.7786 w=0.1406 h=0.0885,MERGE_CONTIGUOUS_PUDDLES,Image contains 6 fragmented boxes covering single connected flood zone; merge adjacent sub-boxes into unified flood polygon.,HIGH (M1.9 evidence: 7 cluster merging failure cases)
waterlogging_waterloggingt-102-_jpg.rf.95cf776cada9a363d357dddcdc8e5ecc.jpg,cls=2 xc=0.4531 yc=0.1536 w=0.1523 h=0.3073,RETAIN_VALID,"Well-proportioned waterlogging box (area=0.0468, AR=0.50) covering distinct road water pool.",HIGH (True positive pattern in M1.9)
waterlogging_waterloggingt-102-_jpg.rf.95cf776cada9a363d357dddcdc8e5ecc.jpg,cls=2 xc=0.2705 yc=0.0391 w=0.1504 h=0.0781,RETAIN_VALID,"Well-proportioned waterlogging box (area=0.0117, AR=1.92) covering distinct road water pool.",HIGH (True positive pattern in M1.9)
waterlogging_waterloggingt-117-_jpg.rf.4d269534a563d3d63c13b9242f291121.jpg,cls=2 xc=0.2578 yc=0.2826 w=0.0508 h=0.1901,MERGE_OR_EXPAND,Sub-1% puddle box (0.00965); should be merged into adjacent contiguous flood boundary or reviewed for visual prominence.,HIGH (M1.9 cluster merging failure mode)
waterlogging_waterloggingt-117-_jpg.rf.4d269534a563d3d63c13b9242f291121.jpg,cls=2 xc=0.3311 yc=0.1888 w=0.0801 h=0.3776,EXCLUDE_ROTATED_BOX,"Extremely tall narrow box (AR=0.21, w=0.080, h=0.378); represents vertical road edge or rotated puddle.",HIGH (Roboflow 90° rotation artifact)
waterlogging_waterloggingt-117-_jpg.rf.4d269534a563d3d63c13b9242f291121.jpg,cls=2 xc=0.6777 yc=0.0794 w=0.2422 h=0.1589,MERGE_CONTIGUOUS_PUDDLES,Image contains 8 fragmented boxes covering single connected flood zone; merge adjacent sub-boxes into unified flood polygon.,HIGH (M1.9 evidence: 7 cluster merging failure cases)
waterlogging_waterloggingt-117-_jpg.rf.4d269534a563d3d63c13b9242f291121.jpg,cls=2 xc=0.7168 yc=0.2904 w=0.1797 h=0.1745,MERGE_CONTIGUOUS_PUDDLES,Image contains 8 fragmented boxes covering single connected flood zone; merge adjacent sub-boxes into unified flood polygon.,HIGH (M1.9 evidence: 7 cluster merging failure cases)
waterlogging_waterloggingt-117-_jpg.rf.4d269534a563d3d63c13b9242f291121.jpg,cls=2 xc=0.2451 yc=0.7930 w=0.0723 h=0.4141,EXCLUDE_ROTATED_BOX,"Extremely tall narrow box (AR=0.17, w=0.072, h=0.414); represents vertical road edge or rotated puddle.",HIGH (Roboflow 90° rotation artifact)
waterlogging_waterloggingt-117-_jpg.rf.4d269534a563d3d63c13b9242f291121.jpg,cls=2 xc=0.2109 yc=0.4453 w=0.0781 h=0.1354,MERGE_CONTIGUOUS_PUDDLES,Image contains 8 fragmented boxes covering single connected flood zone; merge adjacent sub-boxes into unified flood polygon.,HIGH (M1.9 evidence: 7 cluster merging failure cases)
waterlogging_waterloggingt-117-_jpg.rf.4d269534a563d3d63c13b9242f291121.jpg,cls=2 xc=0.7217 yc=0.5247 w=0.2324 h=0.2943,MERGE_CONTIGUOUS_PUDDLES,Image contains 8 fragmented boxes covering single connected flood zone; merge adjacent sub-boxes into unified flood polygon.,HIGH (M1.9 evidence: 7 cluster merging failure cases)
waterlogging_waterloggingt-117-_jpg.rf.4d269534a563d3d63c13b9242f291121.jpg,cls=2 xc=0.7070 yc=0.8424 w=0.1211 h=0.3151,MERGE_CONTIGUOUS_PUDDLES,Image contains 8 fragmented boxes covering single connected flood zone; merge adjacent sub-boxes into unified flood polygon.,HIGH (M1.9 evidence: 7 cluster merging failure cases)
waterlogging_waterloggingt-117-_jpg.rf.708bc840f8b74b7e44d18b76dcbb25e9.jpg,cls=2 xc=0.1875 yc=0.4466 w=0.2695 h=0.1172,MERGE_CONTIGUOUS_PUDDLES,Image contains 6 fragmented boxes covering single connected flood zone; merge adjacent sub-boxes into unified flood polygon.,HIGH (M1.9 evidence: 7 cluster merging failure cases)
waterlogging_waterloggingt-117-_jpg.rf.708bc840f8b74b7e44d18b76dcbb25e9.jpg,cls=2 xc=0.2334 yc=0.7227 w=0.1387 h=0.3151,MERGE_CONTIGUOUS_PUDDLES,Image contains 6 fragmented boxes covering single connected flood zone; merge adjacent sub-boxes into unified flood polygon.,HIGH (M1.9 evidence: 7 cluster merging failure cases)
waterlogging_waterloggingt-117-_jpg.rf.708bc840f8b74b7e44d18b76dcbb25e9.jpg,cls=2 xc=0.3965 yc=0.9779 w=0.1133 h=0.0443,MERGE_OR_EXPAND,Sub-1% puddle box (0.00502); should be merged into adjacent contiguous flood boundary or reviewed for visual prominence.,HIGH (M1.9 cluster merging failure mode)
waterlogging_waterloggingt-117-_jpg.rf.708bc840f8b74b7e44d18b76dcbb25e9.jpg,cls=2 xc=0.8369 yc=0.4661 w=0.2480 h=0.1562,MERGE_CONTIGUOUS_PUDDLES,Image contains 6 fragmented boxes covering single connected flood zone; merge adjacent sub-boxes into unified flood polygon.,HIGH (M1.9 evidence: 7 cluster merging failure cases)
waterlogging_waterloggingt-117-_jpg.rf.708bc840f8b74b7e44d18b76dcbb25e9.jpg,cls=2 xc=0.7959 yc=0.7773 w=0.1152 h=0.4453,MERGE_CONTIGUOUS_PUDDLES,Image contains 6 fragmented boxes covering single connected flood zone; merge adjacent sub-boxes into unified flood polygon.,HIGH (M1.9 evidence: 7 cluster merging failure cases)
waterlogging_waterloggingt-117-_jpg.rf.708bc840f8b74b7e44d18b76dcbb25e9.jpg,cls=2 xc=0.7031 yc=0.6836 w=0.0430 h=0.2240,MERGE_OR_EXPAND,Sub-1% puddle box (0.00962); should be merged into adjacent contiguous flood boundary or reviewed for visual prominence.,HIGH (M1.9 cluster merging failure mode)
waterlogging_waterloggingt-117-_jpg.rf.bacd46a5411b62ef597c217f5d0c9007.jpg,cls=2 xc=0.3789 yc=0.2305 w=0.0508 h=0.2604,EXCLUDE_ROTATED_BOX,"Extremely tall narrow box (AR=0.19, w=0.051, h=0.260); represents vertical road edge or rotated puddle.",HIGH (Roboflow 90° rotation artifact)
waterlogging_waterloggingt-117-_jpg.rf.bacd46a5411b62ef597c217f5d0c9007.jpg,cls=2 xc=0.3057 yc=0.2643 w=0.0801 h=0.3464,EXCLUDE_ROTATED_BOX,"Extremely tall narrow box (AR=0.23, w=0.080, h=0.346); represents vertical road edge or rotated puddle.",HIGH (Roboflow 90° rotation artifact)
waterlogging_waterloggingt-117-_jpg.rf.bacd46a5411b62ef597c217f5d0c9007.jpg,cls=2 xc=0.7744 yc=0.1562 w=0.4512 h=0.3125,MERGE_CONTIGUOUS_PUDDLES,Image contains 6 fragmented boxes covering single connected flood zone; merge adjacent sub-boxes into unified flood polygon.,HIGH (M1.9 evidence: 7 cluster merging failure cases)
waterlogging_waterloggingt-117-_jpg.rf.bacd46a5411b62ef597c217f5d0c9007.jpg,cls=2 xc=0.0586 yc=0.7917 w=0.1172 h=0.4167,MERGE_CONTIGUOUS_PUDDLES,Image contains 6 fragmented boxes covering single connected flood zone; merge adjacent sub-boxes into unified flood polygon.,HIGH (M1.9 evidence: 7 cluster merging failure cases)
waterlogging_waterloggingt-117-_jpg.rf.bacd46a5411b62ef597c217f5d0c9007.jpg,cls=2 xc=0.9004 yc=0.5742 w=0.1836 h=0.2734,MERGE_CONTIGUOUS_PUDDLES,Image contains 6 fragmented boxes covering single connected flood zone; merge adjacent sub-boxes into unified flood polygon.,HIGH (M1.9 evidence: 7 cluster merging failure cases)
waterlogging_waterloggingt-117-_jpg.rf.bacd46a5411b62ef597c217f5d0c9007.jpg,cls=2 xc=0.9424 yc=0.8672 w=0.1152 h=0.2656,MERGE_CONTIGUOUS_PUDDLES,Image contains 6 fragmented boxes covering single connected flood zone; merge adjacent sub-boxes into unified flood polygon.,HIGH (M1.9 evidence: 7 cluster merging failure cases)
waterlogging_waterloggingt-119-_jpg.rf.451f6988a8554b99b4d51bffddfe97df.jpg,cls=2 xc=0.2061 yc=0.2747 w=0.1035 h=0.3672,MERGE_CONTIGUOUS_PUDDLES,Image contains 5 fragmented boxes covering single connected flood zone; merge adjacent sub-boxes into unified flood polygon.,HIGH (M1.9 evidence: 7 cluster merging failure cases)
waterlogging_waterloggingt-119-_jpg.rf.451f6988a8554b99b4d51bffddfe97df.jpg,cls=2 xc=0.7236 yc=0.2188 w=0.1816 h=0.4375,MERGE_CONTIGUOUS_PUDDLES,Image contains 5 fragmented boxes covering single connected flood zone; merge adjacent sub-boxes into unified flood polygon.,HIGH (M1.9 evidence: 7 cluster merging failure cases)
waterlogging_waterloggingt-119-_jpg.rf.451f6988a8554b99b4d51bffddfe97df.jpg,cls=2 xc=0.3467 yc=0.7878 w=0.1387 h=0.3385,MERGE_CONTIGUOUS_PUDDLES,Image contains 5 fragmented boxes covering single connected flood zone; merge adjacent sub-boxes into unified flood polygon.,HIGH (M1.9 evidence: 7 cluster merging failure cases)
waterlogging_waterloggingt-119-_jpg.rf.451f6988a8554b99b4d51bffddfe97df.jpg,cls=2 xc=0.3965 yc=0.5013 w=0.0898 h=0.0859,MERGE_OR_EXPAND,Sub-1% puddle box (0.00772); should be merged into adjacent contiguous flood boundary or reviewed for visual prominence.,HIGH (M1.9 cluster merging failure mode)
waterlogging_waterloggingt-119-_jpg.rf.451f6988a8554b99b4d51bffddfe97df.jpg,cls=2 xc=0.9658 yc=0.7409 w=0.0410 h=0.5182,EXCLUDE_ROTATED_BOX,"Extremely tall narrow box (AR=0.08, w=0.041, h=0.518); represents vertical road edge or rotated puddle.",HIGH (Roboflow 90° rotation artifact)
waterlogging_waterloggingt-119-_jpg.rf.af2d38b799d2d210df7b22efe0df8bdd.jpg,cls=2 xc=0.1709 yc=0.1068 w=0.3418 h=0.2135,MERGE_CONTIGUOUS_PUDDLES,Image contains 5 fragmented boxes covering single connected flood zone; merge adjacent sub-boxes into unified flood polygon.,HIGH (M1.9 evidence: 7 cluster merging failure cases)
waterlogging_waterloggingt-119-_jpg.rf.af2d38b799d2d210df7b22efe0df8bdd.jpg,cls=2 xc=0.1260 yc=0.3854 w=0.1035 h=0.2448,MERGE_CONTIGUOUS_PUDDLES,Image contains 5 fragmented boxes covering single connected flood zone; merge adjacent sub-boxes into unified flood polygon.,HIGH (M1.9 evidence: 7 cluster merging failure cases)
waterlogging_waterloggingt-119-_jpg.rf.af2d38b799d2d210df7b22efe0df8bdd.jpg,cls=2 xc=0.7490 yc=0.2539 w=0.3652 h=0.5078,MERGE_CONTIGUOUS_PUDDLES,Image contains 5 fragmented boxes covering single connected flood zone; merge adjacent sub-boxes into unified flood polygon.,HIGH (M1.9 evidence: 7 cluster merging failure cases)
waterlogging_waterloggingt-119-_jpg.rf.af2d38b799d2d210df7b22efe0df8bdd.jpg,cls=2 xc=0.4893 yc=0.0820 w=0.1309 h=0.1641,MERGE_CONTIGUOUS_PUDDLES,Image contains 5 fragmented boxes covering single connected flood zone; merge adjacent sub-boxes into unified flood polygon.,HIGH (M1.9 evidence: 7 cluster merging failure cases)
waterlogging_waterloggingt-119-_jpg.rf.af2d38b799d2d210df7b22efe0df8bdd.jpg,cls=2 xc=0.6240 yc=0.9206 w=0.2676 h=0.1589,MERGE_CONTIGUOUS_PUDDLES,Image contains 5 fragmented boxes covering single connected flood zone; merge adjacent sub-boxes into unified flood polygon.,HIGH (M1.9 evidence: 7 cluster merging failure cases)
waterlogging_waterloggingt-119-_jpg.rf.d93db3522f1c92d5f1cc5ad0b5515f88.jpg,cls=2 xc=0.7646 yc=0.1393 w=0.4707 h=0.2786,MERGE_CONTIGUOUS_PUDDLES,Image contains 6 fragmented boxes covering single connected flood zone; merge adjacent sub-boxes into unified flood polygon.,HIGH (M1.9 evidence: 7 cluster merging failure cases)
waterlogging_waterloggingt-119-_jpg.rf.d93db3522f1c92d5f1cc5ad0b5515f88.jpg,cls=2 xc=0.1270 yc=0.8828 w=0.2539 h=0.2344,MERGE_CONTIGUOUS_PUDDLES,Image contains 6 fragmented boxes covering single connected flood zone; merge adjacent sub-boxes into unified flood polygon.,HIGH (M1.9 evidence: 7 cluster merging failure cases)
waterlogging_waterloggingt-119-_jpg.rf.d93db3522f1c92d5f1cc5ad0b5515f88.jpg,cls=2 xc=0.4053 yc=0.9557 w=0.2480 h=0.0885,MERGE_CONTIGUOUS_PUDDLES,Image contains 6 fragmented boxes covering single connected flood zone; merge adjacent sub-boxes into unified flood polygon.,HIGH (M1.9 evidence: 7 cluster merging failure cases)
waterlogging_waterloggingt-119-_jpg.rf.d93db3522f1c92d5f1cc5ad0b5515f88.jpg,cls=2 xc=0.7920 yc=0.5690 w=0.4160 h=0.2109,MERGE_CONTIGUOUS_PUDDLES,Image contains 6 fragmented boxes covering single connected flood zone; merge adjacent sub-boxes into unified flood polygon.,HIGH (M1.9 evidence: 7 cluster merging failure cases)
waterlogging_waterloggingt-119-_jpg.rf.d93db3522f1c92d5f1cc5ad0b5515f88.jpg,cls=2 xc=0.6064 yc=0.7474 w=0.1543 h=0.1562,MERGE_CONTIGUOUS_PUDDLES,Image contains 6 fragmented boxes covering single connected flood zone; merge adjacent sub-boxes into unified flood polygon.,HIGH (M1.9 evidence: 7 cluster merging failure cases)
waterlogging_waterloggingt-119-_jpg.rf.d93db3522f1c92d5f1cc5ad0b5515f88.jpg,cls=2 xc=0.7520 yc=0.4010 w=0.1484 h=0.0625,MERGE_OR_EXPAND,Sub-1% puddle box (0.00928); should be merged into adjacent contiguous flood boundary or reviewed for visual prominence.,HIGH (M1.9 cluster merging failure mode)
waterlogging_waterloggingt-122-_jpg.rf.2e00e51a0e70223ad6d729e0a3257b4c.jpg,cls=2 xc=0.2314 yc=0.3841 w=0.4551 h=0.2891,MERGE_CONTIGUOUS_PUDDLES,Image contains 5 fragmented boxes covering single connected flood zone; merge adjacent sub-boxes into unified flood polygon.,HIGH (M1.9 evidence: 7 cluster merging failure cases)
waterlogging_waterloggingt-122-_jpg.rf.2e00e51a0e70223ad6d729e0a3257b4c.jpg,cls=2 xc=0.2344 yc=0.2018 w=0.4336 h=0.0521,ADJUST_BOUNDARY,Extremely wide thin strip (AR=8.32); covers narrow gutter/curb line rather than bounded water hazard.,MEDIUM (Edge artifact)
waterlogging_waterloggingt-122-_jpg.rf.2e00e51a0e70223ad6d729e0a3257b4c.jpg,cls=2 xc=0.6426 yc=0.3164 w=0.3164 h=0.4245,MERGE_CONTIGUOUS_PUDDLES,Image contains 5 fragmented boxes covering single connected flood zone; merge adjacent sub-boxes into unified flood polygon.,HIGH (M1.9 evidence: 7 cluster merging failure cases)
waterlogging_waterloggingt-122-_jpg.rf.2e00e51a0e70223ad6d729e0a3257b4c.jpg,cls=2 xc=0.9482 yc=0.1458 w=0.1035 h=0.1250,MERGE_CONTIGUOUS_PUDDLES,Image contains 5 fragmented boxes covering single connected flood zone; merge adjacent sub-boxes into unified flood polygon.,HIGH (M1.9 evidence: 7 cluster merging failure cases)
waterlogging_waterloggingt-122-_jpg.rf.2e00e51a0e70223ad6d729e0a3257b4c.jpg,cls=2 xc=0.6025 yc=0.0508 w=0.1230 h=0.0781,MERGE_OR_EXPAND,Sub-1% puddle box (0.00961); should be merged into adjacent contiguous flood boundary or reviewed for visual prominence.,HIGH (M1.9 cluster merging failure mode)
waterlogging_waterloggingt-122-_jpg.rf.718008e2ed5779778140c857b6d56dd5.jpg,cls=2 xc=0.5342 yc=0.2292 w=0.2090 h=0.4583,MERGE_CONTIGUOUS_PUDDLES,Image contains 6 fragmented boxes covering single connected flood zone; merge adjacent sub-boxes into unified flood polygon.,HIGH (M1.9 evidence: 7 cluster merging failure cases)
waterlogging_waterloggingt-122-_jpg.rf.718008e2ed5779778140c857b6d56dd5.jpg,cls=2 xc=0.3936 yc=0.0833 w=0.0566 h=0.1667,MERGE_OR_EXPAND,Sub-1% puddle box (0.00944); should be merged into adjacent contiguous flood boundary or reviewed for visual prominence.,HIGH (M1.9 cluster merging failure mode)
waterlogging_waterloggingt-122-_jpg.rf.718008e2ed5779778140c857b6d56dd5.jpg,cls=2 xc=0.7139 yc=0.3255 w=0.1348 h=0.2656,MERGE_CONTIGUOUS_PUDDLES,Image contains 6 fragmented boxes covering single connected flood zone; merge adjacent sub-boxes into unified flood polygon.,HIGH (M1.9 evidence: 7 cluster merging failure cases)
waterlogging_waterloggingt-122-_jpg.rf.718008e2ed5779778140c857b6d56dd5.jpg,cls=2 xc=0.7324 yc=0.0677 w=0.0664 h=0.1354,MERGE_OR_EXPAND,Sub-1% puddle box (0.00899); should be merged into adjacent contiguous flood boundary or reviewed for visual prominence.,HIGH (M1.9 cluster merging failure mode)
waterlogging_waterloggingt-122-_jpg.rf.718008e2ed5779778140c857b6d56dd5.jpg,cls=2 xc=0.5176 yc=0.8542 w=0.2422 h=0.2917,MERGE_CONTIGUOUS_PUDDLES,Image contains 6 fragmented boxes covering single connected flood zone; merge adjacent sub-boxes into unified flood polygon.,HIGH (M1.9 evidence: 7 cluster merging failure cases)
waterlogging_waterloggingt-122-_jpg.rf.718008e2ed5779778140c857b6d56dd5.jpg,cls=2 xc=0.5449 yc=0.5872 w=0.1875 h=0.2109,MERGE_CONTIGUOUS_PUDDLES,Image contains 6 fragmented boxes covering single connected flood zone; merge adjacent sub-boxes into unified flood polygon.,HIGH (M1.9 evidence: 7 cluster merging failure cases)
waterlogging_waterloggingt-122-_jpg.rf.71bd024023549294cfcccc67d88e177a.jpg,cls=2 xc=0.1367 yc=0.3398 w=0.2734 h=0.6797,RETAIN_VALID,"Well-proportioned waterlogging box (area=0.1859, AR=0.40) covering distinct road water pool.",HIGH (True positive pattern in M1.9)
waterlogging_waterloggingt-122-_jpg.rf.71bd024023549294cfcccc67d88e177a.jpg,cls=2 xc=0.3096 yc=0.5339 w=0.0566 h=0.2917,EXCLUDE_ROTATED_BOX,"Extremely tall narrow box (AR=0.19, w=0.057, h=0.292); represents vertical road edge or rotated puddle.",HIGH (Roboflow 90° rotation artifact)
waterlogging_waterloggingt-122-_jpg.rf.71bd024023549294cfcccc67d88e177a.jpg,cls=2 xc=0.3008 yc=0.0612 w=0.0391 h=0.1224,REMOVE_TINY_BOX,Micro-puddle with area 0.00478 (<0.5% image); downsampling to 640x640 causes spatial collapse and feature loss.,HIGH (Direct M1.9 evidence: 10 micro-puddle False Negatives)
waterlogging_waterloggingt-122-_jpg.rf.71bd024023549294cfcccc67d88e177a.jpg,cls=2 xc=0.6592 yc=0.3398 w=0.2793 h=0.6797,RETAIN_VALID,"Well-proportioned waterlogging box (area=0.1898, AR=0.41) covering distinct road water pool.",HIGH (True positive pattern in M1.9)
waterlogging_waterloggingt-128-_jpg.rf.5f4420da5b81992ba7693869e96d14ee.jpg,NONE (0 boxes),RETAIN_NEGATIVE,Correct background negative; surface wetness sheen with zero stagnant water pooling.,HIGH (Confirmed in M1.4 and M1.9 background review)
waterlogging_waterloggingt-128-_jpg.rf.da43c075e1a93e1a7d1948b6f9febdee.jpg,cls=2 xc=0.2393 yc=0.8971 w=0.4785 h=0.2057,RETAIN_VALID,"Well-proportioned waterlogging box (area=0.0984, AR=2.33) covering distinct road water pool.",HIGH (True positive pattern in M1.9)
waterlogging_waterloggingt-128-_jpg.rf.da43c075e1a93e1a7d1948b6f9febdee.jpg,cls=2 xc=0.4404 yc=0.7018 w=0.0762 h=0.1120,MERGE_OR_EXPAND,Sub-1% puddle box (0.00853); should be merged into adjacent contiguous flood boundary or reviewed for visual prominence.,HIGH (M1.9 cluster merging failure mode)
waterlogging_waterloggingt-128-_jpg.rf.da43c075e1a93e1a7d1948b6f9febdee.jpg,cls=2 xc=0.1035 yc=0.6810 w=0.2070 h=0.1589,RETAIN_VALID,"Well-proportioned waterlogging box (area=0.0329, AR=1.30) covering distinct road water pool.",HIGH (True positive pattern in M1.9)
waterlogging_waterloggingt-128-_jpg.rf.da43c075e1a93e1a7d1948b6f9febdee.jpg,cls=2 xc=0.7393 yc=0.7995 w=0.5215 h=0.4010,RETAIN_VALID,"Well-proportioned waterlogging box (area=0.2091, AR=1.30) covering distinct road water pool.",HIGH (True positive pattern in M1.9)
waterlogging_waterloggingt-128-_jpg.rf.f8f9cf478e0a5f06653380a47f78144c.jpg,cls=2 xc=0.1299 yc=0.3138 w=0.2598 h=0.6276,RETAIN_VALID,"Well-proportioned waterlogging box (area=0.1630, AR=0.41) covering distinct road water pool.",HIGH (True positive pattern in M1.9)
waterlogging_waterloggingt-128-_jpg.rf.f8f9cf478e0a5f06653380a47f78144c.jpg,cls=2 xc=0.3955 yc=0.8138 w=0.2715 h=0.3724,RETAIN_VALID,"Well-proportioned waterlogging box (area=0.1011, AR=0.73) covering distinct road water pool.",HIGH (True positive pattern in M1.9)
waterlogging_waterloggingt-128-_jpg.rf.f8f9cf478e0a5f06653380a47f78144c.jpg,cls=2 xc=0.5586 yc=0.6849 w=0.0391 h=0.1146,REMOVE_TINY_BOX,Micro-puddle with area 0.00448 (<0.5% image); downsampling to 640x640 causes spatial collapse and feature loss.,HIGH (Direct M1.9 evidence: 10 micro-puddle False Negatives)
waterlogging_waterloggingt-130-_jpg.rf.a7a7dbb9557fe20dff73f25cdbbcf8a3.jpg,cls=2 xc=0.2275 yc=0.2500 w=0.2793 h=0.5000,RETAIN_VALID,"Well-proportioned waterlogging box (area=0.1396, AR=0.56) covering distinct road water pool.",HIGH (True positive pattern in M1.9)
waterlogging_waterloggingt-130-_jpg.rf.a7a7dbb9557fe20dff73f25cdbbcf8a3.jpg,cls=2 xc=0.3838 yc=0.7331 w=0.1113 h=0.4661,EXCLUDE_ROTATED_BOX,"Extremely tall narrow box (AR=0.24, w=0.111, h=0.466); represents vertical road edge or rotated puddle.",HIGH (Roboflow 90° rotation artifact)
waterlogging_waterloggingt-130-_jpg.rf.a7a7dbb9557fe20dff73f25cdbbcf8a3.jpg,cls=2 xc=0.7002 yc=0.7500 w=0.3965 h=0.5000,RETAIN_VALID,"Well-proportioned waterlogging box (area=0.1982, AR=0.79) covering distinct road water pool.",HIGH (True positive pattern in M1.9)
waterlogging_waterloggingt-130-_jpg.rf.bf6b00d8d05de67c449d034c3bc794c6.jpg,cls=2 xc=0.2998 yc=0.4232 w=0.5996 h=0.2734,RETAIN_VALID,"Well-proportioned waterlogging box (area=0.1640, AR=2.19) covering distinct road water pool.",HIGH (True positive pattern in M1.9)
waterlogging_waterloggingt-130-_jpg.rf.bf6b00d8d05de67c449d034c3bc794c6.jpg,cls=2 xc=0.6680 yc=0.3398 w=0.1367 h=0.0964,RETAIN_VALID,"Well-proportioned waterlogging box (area=0.0132, AR=1.42) covering distinct road water pool.",HIGH (True positive pattern in M1.9)
waterlogging_waterloggingt-130-_jpg.rf.bf6b00d8d05de67c449d034c3bc794c6.jpg,cls=2 xc=0.8955 yc=0.2943 w=0.2090 h=0.1042,RETAIN_VALID,"Well-proportioned waterlogging box (area=0.0218, AR=2.01) covering distinct road water pool.",HIGH (True positive pattern in M1.9)
waterlogging_waterloggingt-130-_jpg.rf.f23a8e7d1db74fed9e809c0f502cdee0.jpg,cls=2 xc=0.3389 yc=0.2747 w=0.2793 h=0.5495,MERGE_CONTIGUOUS_PUDDLES,Image contains 6 fragmented boxes covering single connected flood zone; merge adjacent sub-boxes into unified flood polygon.,HIGH (M1.9 evidence: 7 cluster merging failure cases)
waterlogging_waterloggingt-130-_jpg.rf.f23a8e7d1db74fed9e809c0f502cdee0.jpg,cls=2 xc=0.7061 yc=0.2747 w=0.3926 h=0.5495,MERGE_CONTIGUOUS_PUDDLES,Image contains 6 fragmented boxes covering single connected flood zone; merge adjacent sub-boxes into unified flood polygon.,HIGH (M1.9 evidence: 7 cluster merging failure cases)
waterlogging_waterloggingt-130-_jpg.rf.f23a8e7d1db74fed9e809c0f502cdee0.jpg,cls=2 xc=0.9277 yc=0.2331 w=0.0410 h=0.2214,MERGE_OR_EXPAND,Sub-1% puddle box (0.00908); should be merged into adjacent contiguous flood boundary or reviewed for visual prominence.,HIGH (M1.9 cluster merging failure mode)
waterlogging_waterloggingt-130-_jpg.rf.f23a8e7d1db74fed9e809c0f502cdee0.jpg,cls=2 xc=0.3740 yc=0.7747 w=0.0879 h=0.4505,EXCLUDE_ROTATED_BOX,"Extremely tall narrow box (AR=0.20, w=0.088, h=0.451); represents vertical road edge or rotated puddle.",HIGH (Roboflow 90° rotation artifact)
waterlogging_waterloggingt-130-_jpg.rf.f23a8e7d1db74fed9e809c0f502cdee0.jpg,cls=2 xc=0.1621 yc=0.9036 w=0.2734 h=0.1927,MERGE_CONTIGUOUS_PUDDLES,Image contains 6 fragmented boxes covering single connected flood zone; merge adjacent sub-boxes into unified flood polygon.,HIGH (M1.9 evidence: 7 cluster merging failure cases)
waterlogging_waterloggingt-130-_jpg.rf.f23a8e7d1db74fed9e809c0f502cdee0.jpg,cls=2 xc=0.6777 yc=0.7747 w=0.2148 h=0.4505,MERGE_CONTIGUOUS_PUDDLES,Image contains 6 fragmented boxes covering single connected flood zone; merge adjacent sub-boxes into unified flood polygon.,HIGH (M1.9 evidence: 7 cluster merging failure cases)
waterlogging_waterloggingt-31-_jpg.rf.3856f69d93858c8e57d49bfead20d9d9.jpg,cls=2 xc=0.6885 yc=0.5352 w=0.3398 h=0.2109,RETAIN_VALID,"Well-proportioned waterlogging box (area=0.0717, AR=1.61) covering distinct road water pool.",HIGH (True positive pattern in M1.9)
waterlogging_waterloggingt-31-_jpg.rf.3856f69d93858c8e57d49bfead20d9d9.jpg,cls=2 xc=0.2236 yc=0.5156 w=0.3535 h=0.1328,RETAIN_VALID,"Well-proportioned waterlogging box (area=0.0470, AR=2.66) covering distinct road water pool.",HIGH (True positive pattern in M1.9)
waterlogging_waterloggingt-103-_jpg.rf.10009ec111cdef89d0e5a8fae80e493c.jpg,cls=2 xc=0.4355 yc=0.0807 w=0.2109 h=0.1615,MERGE_CONTIGUOUS_PUDDLES,Image contains 7 fragmented boxes covering single connected flood zone; merge adjacent sub-boxes into unified flood polygon.,HIGH (M1.9 evidence: 7 cluster merging failure cases)
waterlogging_waterloggingt-103-_jpg.rf.10009ec111cdef89d0e5a8fae80e493c.jpg,cls=2 xc=0.3809 yc=0.3594 w=0.2734 h=0.1562,MERGE_CONTIGUOUS_PUDDLES,Image contains 7 fragmented boxes covering single connected flood zone; merge adjacent sub-boxes into unified flood polygon.,HIGH (M1.9 evidence: 7 cluster merging failure cases)
waterlogging_waterloggingt-103-_jpg.rf.10009ec111cdef89d0e5a8fae80e493c.jpg,cls=2 xc=0.8350 yc=0.1628 w=0.3301 h=0.3255,MERGE_CONTIGUOUS_PUDDLES,Image contains 7 fragmented boxes covering single connected flood zone; merge adjacent sub-boxes into unified flood polygon.,HIGH (M1.9 evidence: 7 cluster merging failure cases)
waterlogging_waterloggingt-103-_jpg.rf.10009ec111cdef89d0e5a8fae80e493c.jpg,cls=2 xc=0.8066 yc=0.3984 w=0.2461 h=0.0781,MERGE_CONTIGUOUS_PUDDLES,Image contains 7 fragmented boxes covering single connected flood zone; merge adjacent sub-boxes into unified flood polygon.,HIGH (M1.9 evidence: 7 cluster merging failure cases)
waterlogging_waterloggingt-103-_jpg.rf.10009ec111cdef89d0e5a8fae80e493c.jpg,cls=2 xc=0.4023 yc=0.7188 w=0.0742 h=0.5625,ADJUST_BOUNDARY,"Extremely tall narrow box (AR=0.13, w=0.074, h=0.562); represents vertical road edge or rotated puddle.",HIGH (Roboflow 90° rotation artifact)
waterlogging_waterloggingt-103-_jpg.rf.10009ec111cdef89d0e5a8fae80e493c.jpg,cls=2 xc=0.4600 yc=0.7227 w=0.0410 h=0.5547,ADJUST_BOUNDARY,"Extremely tall narrow box (AR=0.07, w=0.041, h=0.555); represents vertical road edge or rotated puddle.",HIGH (Roboflow 90° rotation artifact)
waterlogging_waterloggingt-103-_jpg.rf.10009ec111cdef89d0e5a8fae80e493c.jpg,cls=2 xc=0.7031 yc=0.7188 w=0.2109 h=0.5625,MERGE_CONTIGUOUS_PUDDLES,Image contains 7 fragmented boxes covering single connected flood zone; merge adjacent sub-boxes into unified flood polygon.,HIGH (M1.9 evidence: 7 cluster merging failure cases)
waterlogging_waterloggingt-103-_jpg.rf.7a139c90e83d52a9682e34f6dd618690.jpg,cls=2 xc=0.1074 yc=0.0651 w=0.2148 h=0.1302,MERGE_CONTIGUOUS_PUDDLES,Image contains 6 fragmented boxes covering single connected flood zone; merge adjacent sub-boxes into unified flood polygon.,HIGH (M1.9 evidence: 7 cluster merging failure cases)
waterlogging_waterloggingt-103-_jpg.rf.7a139c90e83d52a9682e34f6dd618690.jpg,cls=2 xc=0.3965 yc=0.1237 w=0.1836 h=0.2474,MERGE_CONTIGUOUS_PUDDLES,Image contains 6 fragmented boxes covering single connected flood zone; merge adjacent sub-boxes into unified flood polygon.,HIGH (M1.9 evidence: 7 cluster merging failure cases)
waterlogging_waterloggingt-103-_jpg.rf.7a139c90e83d52a9682e34f6dd618690.jpg,cls=2 xc=0.8564 yc=0.4375 w=0.2871 h=0.0625,ADJUST_BOUNDARY,Extremely wide thin strip (AR=4.59); covers narrow gutter/curb line rather than bounded water hazard.,MEDIUM (Edge artifact)
waterlogging_waterloggingt-103-_jpg.rf.7a139c90e83d52a9682e34f6dd618690.jpg,cls=2 xc=0.1182 yc=0.7344 w=0.2363 h=0.5312,MERGE_CONTIGUOUS_PUDDLES,Image contains 6 fragmented boxes covering single connected flood zone; merge adjacent sub-boxes into unified flood polygon.,HIGH (M1.9 evidence: 7 cluster merging failure cases)
waterlogging_waterloggingt-103-_jpg.rf.7a139c90e83d52a9682e34f6dd618690.jpg,cls=2 xc=0.3965 yc=0.8607 w=0.1836 h=0.2786,MERGE_CONTIGUOUS_PUDDLES,Image contains 6 fragmented boxes covering single connected flood zone; merge adjacent sub-boxes into unified flood polygon.,HIGH (M1.9 evidence: 7 cluster merging failure cases)
waterlogging_waterloggingt-103-_jpg.rf.7a139c90e83d52a9682e34f6dd618690.jpg,cls=2 xc=0.7441 yc=0.7344 w=0.5117 h=0.5312,MERGE_CONTIGUOUS_PUDDLES,Image contains 6 fragmented boxes covering single connected flood zone; merge adjacent sub-boxes into unified flood polygon.,HIGH (M1.9 evidence: 7 cluster merging failure cases)
waterlogging_waterloggingt-103-_jpg.rf.de47130eec1ca2bcbc2f43090193e729.jpg,cls=2 xc=0.1787 yc=0.3307 w=0.3574 h=0.2552,MERGE_CONTIGUOUS_PUDDLES,Image contains 5 fragmented boxes covering single connected flood zone; merge adjacent sub-boxes into unified flood polygon.,HIGH (M1.9 evidence: 7 cluster merging failure cases)
waterlogging_waterloggingt-103-_jpg.rf.de47130eec1ca2bcbc2f43090193e729.jpg,cls=2 xc=0.9082 yc=0.3281 w=0.1836 h=0.2604,MERGE_CONTIGUOUS_PUDDLES,Image contains 5 fragmented boxes covering single connected flood zone; merge adjacent sub-boxes into unified flood polygon.,HIGH (M1.9 evidence: 7 cluster merging failure cases)
waterlogging_waterloggingt-103-_jpg.rf.de47130eec1ca2bcbc2f43090193e729.jpg,cls=2 xc=0.2441 yc=0.6979 w=0.4883 h=0.0938,ADJUST_BOUNDARY,Extremely wide thin strip (AR=5.21); covers narrow gutter/curb line rather than bounded water hazard.,MEDIUM (Edge artifact)
waterlogging_waterloggingt-103-_jpg.rf.de47130eec1ca2bcbc2f43090193e729.jpg,cls=2 xc=0.6582 yc=0.5664 w=0.3398 h=0.1953,MERGE_CONTIGUOUS_PUDDLES,Image contains 5 fragmented boxes covering single connected flood zone; merge adjacent sub-boxes into unified flood polygon.,HIGH (M1.9 evidence: 7 cluster merging failure cases)
waterlogging_waterloggingt-103-_jpg.rf.de47130eec1ca2bcbc2f43090193e729.jpg,cls=2 xc=0.6084 yc=0.8516 w=0.2402 h=0.2969,MERGE_CONTIGUOUS_PUDDLES,Image contains 5 fragmented boxes covering single connected flood zone; merge adjacent sub-boxes into unified flood polygon.,HIGH (M1.9 evidence: 7 cluster merging failure cases)
waterlogging_waterloggingt-104-_jpg.rf.8d4041dce7fe57557259b2e0286ef361.jpg,cls=2 xc=0.4385 yc=0.7747 w=0.1465 h=0.4505,RETAIN_VALID,"Well-proportioned waterlogging box (area=0.0660, AR=0.33) covering distinct road water pool.",HIGH (True positive pattern in M1.9)
waterlogging_waterloggingt-104-_jpg.rf.8d4041dce7fe57557259b2e0286ef361.jpg,cls=2 xc=0.3125 yc=0.8906 w=0.0820 h=0.2188,RETAIN_VALID,"Well-proportioned waterlogging box (area=0.0179, AR=0.37) covering distinct road water pool.",HIGH (True positive pattern in M1.9)
waterlogging_waterloggingt-104-_jpg.rf.8d4041dce7fe57557259b2e0286ef361.jpg,cls=2 xc=0.9473 yc=0.7747 w=0.1055 h=0.4505,EXCLUDE_ROTATED_BOX,"Extremely tall narrow box (AR=0.23, w=0.105, h=0.451); represents vertical road edge or rotated puddle.",HIGH (Roboflow 90° rotation artifact)
waterlogging_waterloggingt-104-_jpg.rf.e4c15f449ef45024a3943a6acf09bab0.jpg,cls=2 xc=0.0947 yc=0.0469 w=0.0801 h=0.0938,MERGE_OR_EXPAND,Sub-1% puddle box (0.00751); should be merged into adjacent contiguous flood boundary or reviewed for visual prominence.,HIGH (M1.9 cluster merging failure mode)
waterlogging_waterloggingt-104-_jpg.rf.e4c15f449ef45024a3943a6acf09bab0.jpg,cls=2 xc=0.7139 yc=0.5326 w=0.2480 h=0.3724,MERGE_CONTIGUOUS_PUDDLES,Image contains 5 fragmented boxes covering single connected flood zone; merge adjacent sub-boxes into unified flood polygon.,HIGH (M1.9 evidence: 7 cluster merging failure cases)
waterlogging_waterloggingt-104-_jpg.rf.e4c15f449ef45024a3943a6acf09bab0.jpg,cls=2 xc=0.6543 yc=0.2279 w=0.1289 h=0.2109,MERGE_CONTIGUOUS_PUDDLES,Image contains 5 fragmented boxes covering single connected flood zone; merge adjacent sub-boxes into unified flood polygon.,HIGH (M1.9 evidence: 7 cluster merging failure cases)
waterlogging_waterloggingt-104-_jpg.rf.e4c15f449ef45024a3943a6acf09bab0.jpg,cls=2 xc=0.1553 yc=0.8594 w=0.1152 h=0.2812,MERGE_CONTIGUOUS_PUDDLES,Image contains 5 fragmented boxes covering single connected flood zone; merge adjacent sub-boxes into unified flood polygon.,HIGH (M1.9 evidence: 7 cluster merging failure cases)
waterlogging_waterloggingt-104-_jpg.rf.e4c15f449ef45024a3943a6acf09bab0.jpg,cls=2 xc=0.3330 yc=0.9167 w=0.1152 h=0.1589,MERGE_CONTIGUOUS_PUDDLES,Image contains 5 fragmented boxes covering single connected flood zone; merge adjacent sub-boxes into unified flood polygon.,HIGH (M1.9 evidence: 7 cluster merging failure cases)
waterlogging_waterloggingt-104-_jpg.rf.f2605b716c7e33df7ed2ead8ad891e0f.jpg,cls=2 xc=0.1162 yc=0.0156 w=0.0801 h=0.0312,REMOVE_TINY_BOX,Micro-puddle with area 0.00250 (<0.5% image); downsampling to 640x640 causes spatial collapse and feature loss.,HIGH (Direct M1.9 evidence: 10 micro-puddle False Negatives)
waterlogging_waterloggingt-104-_jpg.rf.f2605b716c7e33df7ed2ead8ad891e0f.jpg,cls=2 xc=0.5898 yc=0.7292 w=0.0664 h=0.5417,ADJUST_BOUNDARY,"Extremely tall narrow box (AR=0.12, w=0.066, h=0.542); represents vertical road edge or rotated puddle.",HIGH (Roboflow 90° rotation artifact)
waterlogging_waterloggingt-126-_jpg.rf.208aedeeba1a9ae54e0fea4926806386.jpg,cls=2 xc=0.5459 yc=0.7839 w=0.3652 h=0.4323,RETAIN_VALID,"Well-proportioned waterlogging box (area=0.1579, AR=0.84) covering distinct road water pool.",HIGH (True positive pattern in M1.9)
waterlogging_waterloggingt-126-_jpg.rf.208aedeeba1a9ae54e0fea4926806386.jpg,cls=2 xc=0.8242 yc=0.6888 w=0.1641 h=0.2422,RETAIN_VALID,"Well-proportioned waterlogging box (area=0.0397, AR=0.68) covering distinct road water pool.",HIGH (True positive pattern in M1.9)
waterlogging_waterloggingt-126-_jpg.rf.7fb34317e3d3f434615e307ac961cd89.jpg,cls=2 xc=0.2715 yc=0.3333 w=0.2969 h=0.5104,RETAIN_VALID,"Well-proportioned waterlogging box (area=0.1515, AR=0.58) covering distinct road water pool.",HIGH (True positive pattern in M1.9)
waterlogging_waterloggingt-126-_jpg.rf.7fb34317e3d3f434615e307ac961cd89.jpg,cls=2 xc=0.2227 yc=0.0260 w=0.2031 h=0.0521,RETAIN_VALID,"Well-proportioned waterlogging box (area=0.0106, AR=3.90) covering distinct road water pool.",HIGH (True positive pattern in M1.9)
waterlogging_waterloggingt-126-_jpg.rf.7fb34317e3d3f434615e307ac961cd89.jpg,cls=2 xc=0.9346 yc=0.7943 w=0.1309 h=0.4115,RETAIN_VALID,"Well-proportioned waterlogging box (area=0.0538, AR=0.32) covering distinct road water pool.",HIGH (True positive pattern in M1.9)
waterlogging_waterloggingt-126-_jpg.rf.7fb34317e3d3f434615e307ac961cd89.jpg,cls=2 xc=0.4727 yc=0.8659 w=0.1055 h=0.2682,RETAIN_VALID,"Well-proportioned waterlogging box (area=0.0283, AR=0.39) covering distinct road water pool.",HIGH (True positive pattern in M1.9)
waterlogging_waterloggingt-126-_jpg.rf.adc92026324c92e8065ad301202dfa9a.jpg,cls=2 xc=0.1064 yc=0.2552 w=0.2129 h=0.4688,RETAIN_VALID,"Well-proportioned waterlogging box (area=0.0998, AR=0.45) covering distinct road water pool.",HIGH (True positive pattern in M1.9)
waterlogging_waterloggingt-126-_jpg.rf.adc92026324c92e8065ad301202dfa9a.jpg,cls=2 xc=0.3096 yc=0.4570 w=0.1348 h=0.0651,MERGE_OR_EXPAND,Sub-1% puddle box (0.00877); should be merged into adjacent contiguous flood boundary or reviewed for visual prominence.,HIGH (M1.9 cluster merging failure mode)
waterlogging_waterloggingt-126-_jpg.rf.adc92026324c92e8065ad301202dfa9a.jpg,cls=2 xc=0.1240 yc=0.7448 w=0.2441 h=0.5104,RETAIN_VALID,"Well-proportioned waterlogging box (area=0.1246, AR=0.48) covering distinct road water pool.",HIGH (True positive pattern in M1.9)
waterlogging_waterloggingt-145-_jpg.rf.c3dabb8c32e8535b5bec3381d1f18c86.jpg,cls=2 xc=0.8242 yc=0.4531 w=0.3516 h=0.1927,RETAIN_VALID,"Well-proportioned waterlogging box (area=0.0677, AR=1.82) covering distinct road water pool.",HIGH (True positive pattern in M1.9)
waterlogging_waterloggingt-145-_jpg.rf.c3dabb8c32e8535b5bec3381d1f18c86.jpg,cls=2 xc=0.2793 yc=0.4779 w=0.4844 h=0.1562,RETAIN_VALID,"Well-proportioned waterlogging box (area=0.0757, AR=3.10) covering distinct road water pool.",HIGH (True positive pattern in M1.9)
